region,week,Number of Facilities Reporting,Total Number of ED Visits,CLI Percent of Total Visits,ILI Percent of Total Visits,Number of Sites Reporting,Total Patient Visits,% of Total Visits for ILI (unweighted),% of Total Visits for ILI (weighted), Baseline,,,,,
X,201940,"3,401","2,154,618",1.1,1.3,"2,912","1,458,307",1.5,1.5,2.4,,,,,
X,201941,"3,395","2,107,775",1.1,1.5,"2,942","1,436,748",1.6,1.6,2.4,,,,,
X,201942,"3,396","2,098,224",1.2,1.6,"2,966","1,430,800",1.7,1.7,2.4,,,,,
X,201943,"3,397","2,120,880",1.3,1.7,"2,997","1,473,831",1.9,1.8,2.4,,,,,
X,201944,"3,414","2,077,918",1.4,1.9,"3,005","1,435,369",2,2,2.4,,,,,
X,201945,"3,453","2,139,381",1.6,2.2,"3,022","1,463,253",2.4,2.4,2.4,,,,,
X,201946,"3,467","2,135,531",1.7,2.4,"2,991","1,426,928",2.6,2.6,2.4,,,,,
X,201947,"3,477","2,223,853",1.7,2.6,"2,987","1,484,969",3,2.9,2.4,,,,,
X,201948,"3,476","2,112,214",2,3,"2,993","1,275,199",3.5,3.4,2.4,,,,,
X,201949,"3,494","2,240,244",1.8,3,"2,995","1,476,208",3.3,3.3,2.4,,,,,
X,201950,"3,493","2,254,354",1.9,3.4,"2,958","1,458,774",3.9,3.9,2.4,,,,,
X,201951,"3,492","2,238,209",2.2,4.2,"2,926","1,424,436",5,5.1,2.4,,,,,
X,201952,"3,492","2,346,996",2.7,5.8,"2,917","1,338,669",7.2,7.1,2.4,,,,,
X,202001,"3,544","2,435,276",2.4,5.4,"2,970","1,426,691",6.2,5.9,2.4,,,,,
X,202002,"3,548","2,325,954",1.9,4.5,"3,002","1,492,251",5.1,4.9,2.4,,,,,
X,202003,"3,546","2,295,877",1.8,4.5,"2,995","1,489,132",5.4,5.3,2.4,,,,,
X,202004,"3,572","2,293,474",2,5,"2,997","1,496,826",6,6.1,2.4,,,,,
X,202005,"3,572","2,388,064",2.3,5.8,"2,995","1,575,900",6.9,6.7,2.4,,,,,
X,202006,"3,586","2,377,122",2.2,5.9,"3,005","1,571,657",7.1,6.8,2.4,,,,,
X,202007,"3,599","2,312,178",2.1,5.2,"2,969","1,533,883",6.2,6.1,2.4,,,,,
X,202008,"3,594","2,297,848",1.9,4.8,"2,984","1,433,517",5.6,5.5,2.4,,,,,
X,202009,"3,610","2,259,444",1.8,4.3,"2,947","1,466,346",5.1,5.1,2.4,,,,,
X,202010,"3,622","2,291,241",2.2,4.7,"2,913","1,489,410",5.3,5.3,2.4,,,,,
X,202011,"3,626","2,277,988",3.4,5.9,"2,847","1,425,172",6.3,5.7,2.4,,,,,
X,202012,"3,623","1,829,925",5.9,7,"2,810","1,068,755",7.4,6.4,2.4,,,,,
X,202013,"3,642","1,471,480",6.7,5.7,"2,738","853,431",6.2,4.9,2.4,,,,,
X,202014,"3,640","1,281,325",6.8,4.4,"2,696","750,546",4.8,3.8,2.4,,,,,
X,202015,"3,629","1,217,904",6,3.2,"2,698","718,953",3.5,2.8,2.4,,,,,
X,202016,"3,630","1,196,326",4.9,2.3,"2,679","709,970",2.6,2.1,2.4,,,,,
X,202017,"3,618","1,266,900",4.2,1.8,"2,663","750,576",2,1.7,2.4,,,,,
X,202018,"3,628","1,323,718",3.7,1.4,"2,635","790,883",1.6,1.4,2.4,,,,,
X,202019,"3,627","1,386,243",3.1,1.2,"2,624","817,791",1.4,1.2,2.4,,,,,
X,202020,"3,630","1,436,536",2.7,1,"2,613","846,493",1.2,1.1,2.4,,,,,
X,202021,"3,656","1,538,979",2.4,0.9,"2,954","1,057,716",1.1,1,2.4,,,,,
X,202022,"3,677","1,632,575",2,0.8,"2,936","1,077,400",0.9,0.9,2.4,,,,,
X,202023,"3,679","1,681,952",1.8,0.7,"2,913","1,129,210",0.8,0.8,2.4,,,,,
X,202024,"3,679","1,757,501",1.9,0.7,"2,886","1,168,231",0.8,0.9,2.4,,,,,
X,202025,"3,687","1,801,777",2.3,0.9,"2,923","1,241,545",1,0.9,2.4,,,,,
X,202026,"3,697","1,894,523",3.1,1.2,"2,880","1,281,547",1.2,1.2,2.4,,,,,
X,202027,"3,699","1,897,782",3.8,1.3,"2,873","1,282,831",1.4,1.3,2.4,,,,,
X,202028,"3,696","1,993,734",4.2,1.3,"2,898","1,354,025",1.5,1.4,2.4,,,,,
X,202029,"3,700","1,951,864",4.1,1.3,"2,870","1,332,358",1.4,1.3,2.4,,,,,
X,202030,"3,706","1,914,918",3.7,1.1,"2,932","1,350,378",1.2,1.2,2.4,,,,,
X,202031,"3,702","1,905,592",3.3,1,"2,968","1,341,511",1.2,1.2,2.4,,,,,
X,202032,"3,723","1,889,846",3,0.9,"2,924","1,327,898",1.1,1.1,2.4,,,,,
X,202033,"3,722","1,922,247",2.6,0.8,"2,944","1,331,021",1,1,2.4,,,,,
X,202034,"3,729","1,907,060",2.3,0.8,"2,897","1,334,021",1,1,2.4,,,,,
X,202035,"3,733","1,911,604",2.2,0.8,"2,925","1,340,683",1,1,2.4,,,,,
X,202036,"3,729","1,905,179",2,0.8,"2,869","1,317,298",0.9,0.9,2.4,,,,,
X,202037,"3,730","1,919,106",2,0.8,"2,849","1,308,903",1,1,2.4,,,,,
X,202038,"3,748","1,920,278",2,0.8,"2,827","1,325,442",1,1,2.4,,,,,
X,202039,"3,756","1,928,975",2.1,0.9,"2,784","1,346,001",1,1,2.4,,,,,
X,202040,"3,756","1,930,860",2.3,0.9,"3,305","1,535,945",1.1,1.1,2.6,,,,,
X,202041,"3,758","1,992,820",2.7,1.1,"3,334","1,610,538",1.2,1.2,2.6,,,,,
X,202042,"3,756","1,964,388",2.9,1,"3,318","1,576,883",1.1,1.1,2.6,,,,,
X,202043,"3,761","1,953,462",3.3,1.1,"3,336","1,573,580",1.2,1.2,2.6,,,,,
X,202044,"3,752","1,889,205",3.7,1.1,"3,432","1,558,591",1.2,1.3,2.6,,,,,
X,202045,"3,758","1,963,302",4.6,1.2,"3,432","1,595,412",1.3,1.4,2.6,,,,,
X,202046,"3,756","2,039,790",5.5,1.3,"3,400","1,635,093",1.4,1.5,2.6,,,,,
X,202047,"3,762","1,967,640",6.3,1.4,"3,338","1,584,214",1.4,1.6,2.6,,,,,
X,202048,"3,764","1,873,740",6.8,1.4,"3,335","1,418,290",1.5,1.6,2.6,,,,,
X,202049,"3,766","1,933,750",6.9,1.3,"3,338","1,530,701",1.4,1.6,2.6,,,,,
X,202050,"3,761","1,917,909",7.3,1.3,"3,348","1,545,283",1.4,1.5,2.6,,,,,
X,202051,"3,771","1,867,080",7.4,1.3,"3,283","1,483,558",1.4,1.5,2.6,,,,,
X,202052,"3,772","1,762,431",7.8,1.3,"3,281","1,352,891",1.5,1.5,2.6,,,,,
X,202053,"3,749","1,895,988",8.1,1.4,"3,250","1,445,158",1.5,1.6,2.6,,,,,
X,202101,"3,546","1,831,448",8.3,1.3,"3,264","1,561,742",1.4,1.5,2.6,,,,,
X,202102,"3,569","1,764,104",7.5,1.1,"3,229","1,485,371",1.3,1.3,2.6,,,,,
X,202103,"3,568","1,780,638",6.3,1.1,"3,184","1,466,802",1.2,1.3,2.6,,,,,
X,202104,"3,571","1,754,009",5.1,1,"3,062","1,410,370",1.1,1.1,2.6,,,,,
Region 1,201940,204,"132,476",0.8,0.9,255,"130,089",1,0.9,1.9,,,,,
Region 1,201941,203,"130,619",0.8,1.1,261,"130,676",1.1,1,1.9,,,,,
Region 1,201942,203,"132,649",0.9,1.2,265,"129,402",1.2,1.1,1.9,,,,,
Region 1,201943,203,"132,113",0.9,1.2,262,"133,141",1.2,1.1,1.9,,,,,
Region 1,201944,204,"128,476",0.9,1.2,271,"132,506",1.2,1.1,1.9,,,,,
Region 1,201945,204,"127,711",1,1.3,263,"131,409",1.4,1.3,1.9,,,,,
Region 1,201946,203,"125,535",1.2,1.6,261,"127,939",1.5,1.4,1.9,,,,,
Region 1,201947,203,"129,052",1.2,1.6,264,"131,725",1.7,1.5,1.9,,,,,
Region 1,201948,203,"125,038",1.4,1.8,263,"111,608",2,1.8,1.9,,,,,
Region 1,201949,203,"126,179",1.4,1.9,264,"124,372",2,1.8,1.9,,,,,
Region 1,201950,203,"130,704",1.3,1.9,263,"130,387",2,1.9,1.9,,,,,
Region 1,201951,203,"126,539",1.5,2.4,262,"124,306",2.6,2.5,1.9,,,,,
Region 1,201952,203,"136,374",2,3.4,264,"115,551",3.9,3.7,1.9,,,,,
Region 1,202001,203,"144,820",2,4,264,"126,801",4.3,3.9,1.9,,,,,
Region 1,202002,204,"140,379",1.6,3.7,271,"136,068",3.9,3.7,1.9,,,,,
Region 1,202003,202,"135,024",1.8,4.4,269,"132,345",4.7,4.5,1.9,,,,,
Region 1,202004,202,"140,026",1.9,5.3,266,"135,131",5.7,5.3,1.9,,,,,
Region 1,202005,202,"146,517",2.2,6.3,268,"147,080",6.8,6.4,1.9,,,,,
Region 1,202006,202,"144,002",2.2,7,267,"143,439",7.6,7.1,1.9,,,,,
Region 1,202007,202,"138,278",1.9,6,266,"139,380",6.6,6.4,1.9,,,,,
Region 1,202008,202,"132,330",1.7,5.2,268,"130,014",5.9,5.7,1.9,,,,,
Region 1,202009,202,"133,081",1.5,4.3,261,"133,257",4.7,4.6,1.9,,,,,
Region 1,202010,199,"129,515",1.8,4.3,264,"129,920",4.6,4.3,1.9,,,,,
Region 1,202011,200,"123,696",3.1,5.3,246,"115,222",5.3,4.8,1.9,,,,,
Region 1,202012,199,"91,596",5.9,6.3,245,"75,752",6.6,5.9,1.9,,,,,
Region 1,202013,202,"74,728",7.2,5,236,"60,764",5.5,4.8,1.9,,,,,
Region 1,202014,201,"67,608",9,4.4,234,"55,758",4.9,4.3,1.9,,,,,
Region 1,202015,196,"67,249",9.2,3.4,230,"54,118",3.7,3.4,1.9,,,,,
Region 1,202016,195,"66,705",8.9,2.8,236,"55,212",3.4,3.1,1.9,,,,,
Region 1,202017,195,"71,307",8,2.1,222,"56,193",2.3,2.1,1.9,,,,,
Region 1,202018,195,"74,485",6.6,1.5,220,"58,068",1.8,1.7,1.9,,,,,
Region 1,202019,194,"79,116",5.3,1.3,220,"62,686",1.4,1.3,1.9,,,,,
Region 1,202020,193,"81,250",4.4,1.1,221,"64,724",1.3,1.2,1.9,,,,,
Region 1,202021,193,"86,081",3.3,0.9,227,"74,488",0.9,0.9,1.9,,,,,
Region 1,202022,193,"90,875",2.4,0.7,225,"77,343",0.7,0.7,1.9,,,,,
Region 1,202023,193,"91,869",1.8,0.6,220,"80,755",0.7,0.7,1.9,,,,,
Region 1,202024,195,"95,415",1.3,0.5,222,"82,389",0.6,0.6,1.9,,,,,
Region 1,202025,198,"98,143",1.1,0.5,219,"86,415",0.5,0.5,1.9,,,,,
Region 1,202026,198,"106,247",1.1,0.5,221,"91,676",0.5,0.6,1.9,,,,,
Region 1,202027,198,"104,966",1.1,0.5,218,"89,532",0.5,0.5,1.9,,,,,
Region 1,202028,197,"110,045",1,0.5,220,"96,922",0.5,0.5,1.9,,,,,
Region 1,202029,197,"109,867",1.2,0.5,218,"98,429",0.5,0.5,1.9,,,,,
Region 1,202030,197,"110,709",1.1,0.5,218,"98,969",0.5,0.5,1.9,,,,,
Region 1,202031,198,"113,651",1.2,0.5,218,"101,192",0.5,0.5,1.9,,,,,
Region 1,202032,198,"113,906",1.2,0.6,215,"101,322",0.6,0.5,1.9,,,,,
Region 1,202033,198,"115,733",1.1,0.6,215,"102,400",0.6,0.6,1.9,,,,,
Region 1,202034,199,"114,467",1.2,0.7,214,"102,978",0.6,0.6,1.9,,,,,
Region 1,202035,199,"113,236",1.2,0.6,218,"102,945",0.6,0.6,1.9,,,,,
Region 1,202036,199,"111,720",1.2,0.6,223,"103,546",0.6,0.6,1.9,,,,,
Region 1,202037,199,"114,344",1.2,0.6,210,"100,578",0.7,0.6,1.9,,,,,
Region 1,202038,200,"110,265",1.3,0.6,218,"102,595",0.7,0.6,1.9,,,,,
Region 1,202039,199,"112,274",1.5,0.8,216,"103,946",0.8,0.7,1.9,,,,,
Region 1,202040,200,"115,844",1.6,0.8,261,"137,196",0.7,0.7,2,,,,,
Region 1,202041,201,"115,542",1.9,1,265,"140,330",0.8,0.8,2,,,,,
Region 1,202042,200,"112,128",1.9,0.9,265,"134,973",0.8,0.7,2,,,,,
Region 1,202043,200,"113,502",2.3,0.9,268,"142,875",0.8,0.8,2,,,,,
Region 1,202044,199,"108,306",2.8,1,274,"126,087",0.9,0.9,2,,,,,
Region 1,202045,199,"113,443",3.6,1,272,"128,329",1,1.1,2,,,,,
Region 1,202046,199,"119,086",4.5,1.1,274,"134,835",1.1,1,2,,,,,
Region 1,202047,200,"112,251",5,1.1,269,"127,365",1,1,2,,,,,
Region 1,202048,199,"107,451",5.6,1.1,269,"111,042",1.1,1,2,,,,,
Region 1,202049,201,"112,560",6.1,1.1,271,"123,005",1.1,1,2,,,,,
Region 1,202050,198,"107,322",6.9,1,274,"118,195",1.1,1,2,,,,,
Region 1,202051,198,"101,881",6.7,1,270,"111,602",1,0.9,2,,,,,
Region 1,202052,198,"102,660",6.8,1,262,"105,049",1,1,2,,,,,
Region 1,202053,201,"109,619",6.9,0.9,264,"110,805",1,0.9,2,,,,,
Region 1,202101,199,"110,410",6.9,0.9,261,"118,954",0.9,0.9,2,,,,,
Region 1,202102,198,"106,927",6.5,0.8,266,"116,045",0.8,0.7,2,,,,,
Region 1,202103,199,"106,933",5.6,0.7,254,"112,909",0.7,0.6,2,,,,,
Region 1,202104,199,"101,198",4.6,0.7,248,"107,924",0.7,0.6,2,,,,,
Region 2,201940,196,"225,785",0.9,1.1,263,"195,431",1.5,2.1,3.2,,,,,
Region 2,201941,196,"221,873",0.9,1.2,263,"191,446",1.6,2.1,3.2,,,,,
Region 2,201942,195,"220,070",1,1.3,264,"190,590",1.8,2.4,3.2,,,,,
Region 2,201943,195,"224,745",1,1.3,264,"196,090",1.7,2,3.2,,,,,
Region 2,201944,196,"220,780",1.2,1.5,263,"190,727",1.9,2.3,3.2,,,,,
Region 2,201945,195,"218,996",1.3,1.7,268,"193,040",2.2,2.4,3.2,,,,,
Region 2,201946,196,"215,984",1.5,1.8,259,"189,305",2.3,2.7,3.2,,,,,
Region 2,201947,196,"225,727",1.5,1.9,263,"197,786",2.4,2.7,3.2,,,,,
Region 2,201948,196,"216,763",1.8,2.3,265,"178,473",3,3.3,3.2,,,,,
Region 2,201949,196,"224,269",1.8,2.5,264,"193,324",3.1,3.2,3.2,,,,,
Region 2,201950,196,"230,527",1.9,2.9,260,"198,649",3.6,3.7,3.2,,,,,
Region 2,201951,195,"224,996",2.2,3.7,265,"195,553",4.6,4.8,3.2,,,,,
Region 2,201952,195,"239,768",2.7,5.4,256,"190,159",6.6,6.7,3.2,,,,,
Region 2,202001,195,"250,194",2.6,5.6,259,"197,077",6.6,6.8,3.2,,,,,
Region 2,202002,195,"243,517",2,5.1,261,"192,960",5.9,6.2,3.2,,,,,
Region 2,202003,195,"238,611",2.1,5.4,264,"198,529",6.5,6.8,3.2,,,,,
Region 2,202004,195,"238,726",2.3,6.1,259,"205,685",7.3,7.6,3.2,,,,,
Region 2,202005,195,"245,468",2.5,6.4,264,"210,469",7.7,7.8,3.2,,,,,
Region 2,202006,195,"241,649",2.4,6.2,270,"211,040",7.4,7.9,3.2,,,,,
Region 2,202007,195,"228,951",2,5,257,"196,957",6.3,6.8,3.2,,,,,
Region 2,202008,195,"222,286",1.8,4.3,258,"181,484",5.1,5.8,3.2,,,,,
Region 2,202009,195,"222,080",1.6,3.6,256,"183,210",4.2,5,3.2,,,,,
Region 2,202010,195,"222,308",2.1,4.3,258,"181,338",5,5.5,3.2,,,,,
Region 2,202011,195,"223,550",4.3,6.7,254,"189,249",7.2,7.6,3.2,,,,,
Region 2,202012,195,"188,459",9.4,10.2,242,"149,123",11,11.2,3.2,,,,,
Region 2,202013,195,"166,953",14,11.4,224,"128,688",12.6,11.9,3.2,,,,,
Region 2,202014,194,"144,670",15.9,9.8,238,"116,856",10.7,10.5,3.2,,,,,
Region 2,202015,195,"123,542",14.5,7,241,"100,435",7.5,7.8,3.2,,,,,
Region 2,202016,195,"110,090",11.1,4.7,245,"90,971",4.9,5.2,3.2,,,,,
Region 2,202017,195,"107,114",7.8,2.9,242,"90,540",3.1,3.5,3.2,,,,,
Region 2,202018,195,"110,079",5.7,1.9,239,"92,989",2.1,2.5,3.2,,,,,
Region 2,202019,195,"114,434",3.9,1.3,238,"92,311",1.4,1.9,3.2,,,,,
Region 2,202020,195,"117,708",3,1,243,"102,722",1.2,1.7,3.2,,,,,
Region 2,202021,195,"125,873",2.2,0.8,246,"109,877",1,1.3,3.2,,,,,
Region 2,202022,195,"134,715",1.6,0.6,239,"113,766",0.8,1.1,3.2,,,,,
Region 2,202023,195,"138,642",1.2,0.5,236,"118,154",0.7,1,3.2,,,,,
Region 2,202024,195,"147,472",1,0.5,240,"119,754",0.6,0.9,3.2,,,,,
Region 2,202025,196,"150,584",0.8,0.4,232,"124,193",0.6,0.9,3.2,,,,,
Region 2,202026,196,"159,811",0.8,0.5,203,"127,363",0.6,0.9,3.2,,,,,
Region 2,202027,196,"160,015",0.9,0.4,200,"125,314",0.6,0.9,3.2,,,,,
Region 2,202028,196,"168,382",0.9,0.5,196,"131,970",0.7,1.1,3.2,,,,,
Region 2,202029,196,"168,867",0.9,0.6,192,"128,567",0.8,1.2,3.2,,,,,
Region 2,202030,197,"169,845",0.9,0.5,193,"130,591",0.7,1.2,3.2,,,,,
Region 2,202031,197,"172,401",1,0.6,232,"140,524",0.9,1.3,3.2,,,,,
Region 2,202032,199,"173,625",0.9,0.6,194,"132,740",0.9,1.2,3.2,,,,,
Region 2,202033,200,"177,753",1,0.6,233,"144,381",0.9,1.3,3.2,,,,,
Region 2,202034,200,"173,526",0.9,0.6,227,"143,740",1,1.4,3.2,,,,,
Region 2,202035,201,"175,285",0.9,0.7,231,"146,659",0.9,1.2,3.2,,,,,
Region 2,202036,201,"172,963",0.8,0.5,226,"140,983",0.9,1.2,3.2,,,,,
Region 2,202037,201,"174,142",0.9,0.6,225,"136,839",0.9,1.4,3.2,,,,,
Region 2,202038,201,"174,116",0.9,0.6,226,"143,439",1,1.4,3.2,,,,,
Region 2,202039,201,"175,892",0.9,0.6,224,"143,569",1,1.4,3.2,,,,,
Region 2,202040,201,"177,914",1,0.7,242,"152,040",1,1.5,3.3,,,,,
Region 2,202041,201,"178,413",1.3,0.8,243,"153,532",1.1,1.7,3.3,,,,,
Region 2,202042,201,"174,495",1.4,0.8,244,"151,279",1,1.3,3.3,,,,,
Region 2,202043,201,"177,322",1.5,0.8,242,"148,181",1.1,1.6,3.3,,,,,
Region 2,202044,201,"165,435",1.7,0.8,242,"144,336",1.1,1.7,3.3,,,,,
Region 2,202045,195,"171,868",2.3,0.9,240,"149,694",1.3,2,3.3,,,,,
Region 2,202046,195,"180,865",3.1,1.1,239,"156,881",1.4,2.1,3.3,,,,,
Region 2,202047,196,"172,813",3.9,1.2,203,"138,967",1.5,2.4,3.3,,,,,
Region 2,202048,197,"169,969",4.4,1.2,199,"130,589",1.6,2.5,3.3,,,,,
Region 2,202049,198,"176,252",4.9,1.2,201,"132,063",1.6,2.7,3.3,,,,,
Region 2,202050,198,"172,380",5.4,1.2,200,"134,429",1.7,2.3,3.3,,,,,
Region 2,202051,199,"164,168",5.6,1.1,199,"129,072",1.5,2.3,3.3,,,,,
Region 2,202052,199,"168,041",5.9,1.1,195,"127,417",1.6,2.2,3.3,,,,,
Region 2,202053,199,"177,900",6.2,1.1,187,"133,557",1.6,2.3,3.3,,,,,
Region 2,202101,199,"181,902",6.6,1.2,196,"142,727",1.7,2.2,3.3,,,,,
Region 2,202102,199,"180,825",6.7,1,194,"139,140",1.5,1.9,3.3,,,,,
Region 2,202103,199,"176,914",5,0.9,170,"130,174",1.5,2.1,3.3,,,,,
Region 2,202104,200,"171,223",3.5,0.7,164,"126,904",1.3,1.4,3.3,,,,,
Region 3,201940,335,"236,250",0.8,1.1,416,"234,770",1.3,1.2,1.9,,,,,
Region 3,201941,335,"233,764",0.9,1.2,423,"237,191",1.4,1.3,1.9,,,,,
Region 3,201942,336,"228,696",1,1.3,418,"227,164",1.6,1.4,1.9,,,,,
Region 3,201943,338,"233,900",1,1.3,431,"239,162",1.7,1.6,1.9,,,,,
Region 3,201944,336,"232,200",1,1.3,421,"234,242",1.7,1.5,1.9,,,,,
Region 3,201945,336,"227,335",1.1,1.5,429,"234,584",1.9,1.7,1.9,,,,,
Region 3,201946,339,"227,597",1.2,1.7,420,"230,308",2.1,1.9,1.9,,,,,
Region 3,201947,340,"236,358",1.3,1.8,423,"241,623",2.3,2.1,1.9,,,,,
Region 3,201948,341,"223,568",1.5,2.2,421,"212,108",2.8,2.4,1.9,,,,,
Region 3,201949,339,"236,560",1.4,2.3,414,"235,580",2.7,2.4,1.9,,,,,
Region 3,201950,340,"240,078",1.5,2.7,421,"238,415",3.5,3,1.9,,,,,
Region 3,201951,342,"239,294",1.7,3.4,421,"241,177",4.6,3.9,1.9,,,,,
Region 3,201952,341,"254,071",2.1,4.9,423,"230,061",6.6,5.6,1.9,,,,,
Region 3,202001,343,"267,943",2,4.9,421,"247,495",6.2,5.5,1.9,,,,,
Region 3,202002,341,"251,996",1.5,4,424,"247,105",4.9,4.4,1.9,,,,,
Region 3,202003,343,"246,538",1.5,4.1,426,"245,508",5,4.6,1.9,,,,,
Region 3,202004,345,"247,168",1.6,4.5,420,"239,344",5.8,5.3,1.9,,,,,
Region 3,202005,347,"257,034",1.8,5.4,425,"256,167",6.9,6.3,1.9,,,,,
Region 3,202006,343,"257,202",1.7,5.8,424,"257,695",7.3,6.5,1.9,,,,,
Region 3,202007,347,"250,913",1.6,5.1,423,"272,338",6.4,5.8,1.9,,,,,
Region 3,202008,347,"249,192",1.4,4.6,426,"246,032",5.9,5.3,1.9,,,,,
Region 3,202009,346,"247,478",1.4,4.4,420,"248,312",5.7,5.2,1.9,,,,,
Region 3,202010,355,"251,894",1.7,4.5,417,"262,206",5.6,5.1,1.9,,,,,
Region 3,202011,355,"250,597",2.8,6,417,"256,511",6.6,6.1,1.9,,,,,
Region 3,202012,357,"194,644",5.2,6.5,418,"189,623",7,6.8,1.9,,,,,
Region 3,202013,360,"154,289",5.3,4.7,414,"148,860",5.1,4.9,1.9,,,,,
Region 3,202014,361,"134,860",5.7,3.7,394,"129,805",3.9,3.8,1.9,,,,,
Region 3,202015,362,"130,249",5.9,2.9,387,"125,142",3.1,3,1.9,,,,,
Region 3,202016,361,"130,503",5.8,2.4,376,"121,437",2.6,2.4,1.9,,,,,
Region 3,202017,362,"138,151",5.6,2,405,"135,603",2.2,2,1.9,,,,,
Region 3,202018,364,"145,631",5.3,1.6,396,"142,665",2,1.8,1.9,,,,,
Region 3,202019,361,"150,732",4.7,1.4,392,"147,074",1.6,1.4,1.9,,,,,
Region 3,202020,369,"158,498",3.8,1.2,388,"152,868",1.4,1.3,1.9,,,,,
Region 3,202021,370,"171,058",3.3,1,379,"159,362",1.2,1.1,1.9,,,,,
Region 3,202022,369,"181,098",2.7,0.8,377,"162,145",0.9,0.8,1.9,,,,,
Region 3,202023,369,"184,049",2.1,0.6,373,"171,766",0.8,0.7,1.9,,,,,
Region 3,202024,371,"195,004",1.6,0.5,366,"180,271",0.6,0.6,1.9,,,,,
Region 3,202025,371,"196,799",1.5,0.6,368,"180,513",0.7,0.6,1.9,,,,,
Region 3,202026,372,"205,019",1.5,0.6,364,"185,746",0.7,0.7,1.9,,,,,
Region 3,202027,373,"207,142",1.7,0.6,367,"185,940",0.7,0.7,1.9,,,,,
Region 3,202028,374,"217,899",2,0.7,375,"210,057",0.8,0.8,1.9,,,,,
Region 3,202029,373,"215,946",2.2,0.8,373,"205,988",0.9,0.8,1.9,,,,,
Region 3,202030,373,"214,543",2.3,0.7,370,"203,447",0.8,0.8,1.9,,,,,
Region 3,202031,372,"215,546",2.3,0.8,368,"206,584",0.9,0.9,1.9,,,,,
Region 3,202032,371,"211,673",2.2,0.7,366,"200,971",0.8,0.8,1.9,,,,,
Region 3,202033,370,"214,250",2,0.7,365,"201,612",0.8,0.8,1.9,,,,,
Region 3,202034,370,"212,792",1.9,0.7,362,"200,369",0.8,0.8,1.9,,,,,
Region 3,202035,371,"214,395",1.8,0.7,363,"200,649",0.8,0.8,1.9,,,,,
Region 3,202036,372,"212,515",1.7,0.7,363,"199,454",0.7,0.7,1.9,,,,,
Region 3,202037,372,"216,196",1.7,0.7,340,"197,608",0.8,0.8,1.9,,,,,
Region 3,202038,371,"210,637",1.6,0.7,361,"194,456",0.7,0.6,1.9,,,,,
Region 3,202039,371,"211,238",1.7,0.7,337,"182,988",0.8,0.8,1.9,,,,,
Region 3,202040,371,"215,599",1.9,0.8,422,"213,562",0.9,0.9,2,,,,,
Region 3,202041,372,"216,823",2.3,1,400,"210,949",1.2,1.1,2,,,,,
Region 3,202042,373,"212,673",2.3,0.9,400,"208,284",0.9,0.9,2,,,,,
Region 3,202043,373,"216,311",2.5,0.9,401,"213,601",1,1,2,,,,,
Region 3,202044,374,"207,895",2.9,0.9,400,"206,667",1.1,1.1,2,,,,,
Region 3,202045,374,"213,113",3.4,1,398,"208,007",1.2,1.2,2,,,,,
Region 3,202046,374,"224,897",4.5,1.2,397,"220,534",1.3,1.3,2,,,,,
Region 3,202047,376,"213,546",5.8,1.3,394,"213,079",1.4,1.4,2,,,,,
Region 3,202048,375,"206,266",6.7,1.5,395,"195,613",1.7,1.7,2,,,,,
Region 3,202049,376,"210,668",7.2,1.4,399,"213,383",1.6,1.6,2,,,,,
Region 3,202050,377,"203,348",7.8,1.3,402,"206,369",1.5,1.5,2,,,,,
Region 3,202051,375,"195,097",7.7,1.2,396,"200,838",1.4,1.3,2,,,,,
Region 3,202052,375,"189,451",7.8,1.2,399,"190,450",1.5,1.4,2,,,,,
Region 3,202053,375,"207,275",7.5,1.2,396,"209,470",1.5,1.4,2,,,,,
Region 3,202101,375,"209,972",7.8,1.1,397,"221,270",1.4,1.3,2,,,,,
Region 3,202102,377,"201,694",7.1,1,386,"208,208",1.2,1.1,2,,,,,
Region 3,202103,374,"201,951",6.1,0.9,390,"202,804",1.1,1.1,2,,,,,
Region 3,202104,372,"195,391",5.2,0.8,375,"193,904",1,1,2,,,,,
Region 4,201940,830,"592,522",1.4,1.8,561,"333,469",1.7,1.7,2.4,,,,,
Region 4,201941,830,"574,997",1.5,2,557,"317,589",1.7,1.6,2.4,,,,,
Region 4,201942,834,"568,512",1.6,2.1,571,"312,547",1.8,1.8,2.4,,,,,
Region 4,201943,835,"579,717",1.7,2.3,574,"322,052",2.1,2,2.4,,,,,
Region 4,201944,836,"575,275",1.8,2.6,580,"318,970",2.2,2.3,2.4,,,,,
Region 4,201945,862,"595,063",2,3,584,"323,507",2.8,2.9,2.4,,,,,
Region 4,201946,878,"596,780",2.2,3.3,579,"312,438",3.1,3.1,2.4,,,,,
Region 4,201947,882,"621,133",2.3,3.6,566,"315,660",3.6,3.3,2.4,,,,,
Region 4,201948,884,"601,042",2.5,4,572,"294,185",4.2,4.2,2.4,,,,,
Region 4,201949,890,"635,634",2.2,3.8,578,"331,928",4.1,4,2.4,,,,,
Region 4,201950,893,"640,006",2.3,4.4,576,"327,920",5,5,2.4,,,,,
Region 4,201951,891,"641,981",2.6,5.6,554,"323,950",6.9,6.4,2.4,,,,,
Region 4,201952,892,"662,819",3.1,7.3,559,"321,196",9.4,8.8,2.4,,,,,
Region 4,202001,892,"679,765",2.6,6.1,567,"329,997",7.5,6.8,2.4,,,,,
Region 4,202002,893,"644,419",2,5,568,"328,884",5.7,5.2,2.4,,,,,
Region 4,202003,894,"652,124",2,4.9,572,"329,714",5.8,5.4,2.4,,,,,
Region 4,202004,897,"628,186",2.2,5.2,578,"323,507",6.2,6.4,2.4,,,,,
Region 4,202005,900,"662,693",2.5,6.3,567,"341,710",7.5,7.5,2.4,,,,,
Region 4,202006,901,"675,903",2.5,6.5,571,"352,320",7.9,7.3,2.4,,,,,
Region 4,202007,903,"658,416",2.2,5.5,566,"333,820",6.5,6.3,2.4,,,,,
Region 4,202008,903,"642,117",2.1,4.8,575,"285,204",5.6,5.4,2.4,,,,,
Region 4,202009,904,"626,163",2,4.3,569,"312,984",5,4.8,2.4,,,,,
Region 4,202010,908,"642,441",2.4,5,561,"325,467",5.4,5.4,2.4,,,,,
Region 4,202011,908,"648,477",3.5,6.2,541,"317,578",6.4,5.8,2.4,,,,,
Region 4,202012,907,"529,615",5.5,7.1,540,"250,982",6.8,5.9,2.4,,,,,
Region 4,202013,908,"420,163",5.6,5.3,536,"197,767",5.2,4.3,2.4,,,,,
Region 4,202014,913,"353,183",5,3.8,520,"165,974",3.6,3.1,2.4,,,,,
Region 4,202015,912,"334,163",4.1,2.8,517,"158,966",2.7,2,2.4,,,,,
Region 4,202016,909,"332,867",3.3,2,511,"158,324",2,1.7,2.4,,,,,
Region 4,202017,909,"349,262",2.8,1.6,498,"164,158",1.7,1.3,2.4,,,,,
Region 4,202018,912,"358,972",2.5,1.3,500,"170,489",1.4,1,2.4,,,,,
Region 4,202019,908,"385,307",2.2,1.1,502,"185,599",1.2,0.9,2.4,,,,,
Region 4,202020,910,"401,648",2.1,1,500,"192,838",1.2,0.8,2.4,,,,,
Region 4,202021,912,"426,984",2,0.9,834,"357,789",1.1,1,2.4,,,,,
Region 4,202022,917,"444,279",2,0.8,830,"367,726",1,1,2.4,,,,,
Region 4,202023,917,"452,464",2,0.8,824,"380,594",0.9,0.9,2.4,,,,,
Region 4,202024,915,"480,069",2.3,0.9,828,"403,010",1,0.9,2.4,,,,,
Region 4,202025,918,"493,335",3.1,1.2,827,"421,230",1.4,1.3,2.4,,,,,
Region 4,202026,920,"531,058",4.4,1.6,825,"452,182",1.9,1.7,2.4,,,,,
Region 4,202027,920,"535,584",5.9,1.9,820,"455,386",2.3,2,2.4,,,,,
Region 4,202028,918,"557,917",6.6,2.1,816,"454,089",2.5,2.3,2.4,,,,,
Region 4,202029,917,"539,156",6.6,2,814,"451,541",2.4,2.2,2.4,,,,,
Region 4,202030,919,"521,431",5.9,1.6,872,"461,718",1.8,1.8,2.4,,,,,
Region 4,202031,921,"514,186",5.3,1.4,880,"449,955",1.6,1.6,2.4,,,,,
Region 4,202032,924,"510,408",4.7,1.2,879,"448,072",1.4,1.4,2.4,,,,,
Region 4,202033,925,"509,974",3.9,1.1,870,"445,201",1.3,1.3,2.4,,,,,
Region 4,202034,926,"504,906",3.4,1.1,873,"446,232",1.2,1.2,2.4,,,,,
Region 4,202035,927,"510,060",3,1,863,"448,518",1.2,1.2,2.4,,,,,
Region 4,202036,927,"514,244",2.8,1,864,"449,104",1.1,1.2,2.4,,,,,
Region 4,202037,930,"519,102",2.7,1.1,870,"453,250",1.2,1.2,2.4,,,,,
Region 4,202038,930,"517,061",2.6,1.1,874,"454,686",1.2,1.2,2.4,,,,,
Region 4,202039,933,"513,227",2.6,1.1,866,"453,571",1.2,1.3,2.4,,,,,
Region 4,202040,930,"515,557",2.7,1.1,901,"450,570",1.3,1.3,3.1,,,,,
Region 4,202041,930,"535,886",3.1,1.3,907,"485,846",1.4,1.5,3.1,,,,,
Region 4,202042,932,"533,595",3.2,1.2,908,"483,253",1.4,1.4,3.1,,,,,
Region 4,202043,931,"533,425",3.5,1.3,943,"486,337",1.4,1.5,3.1,,,,,
Region 4,202044,932,"527,532",3.6,1.2,938,"479,214",1.4,1.4,3.1,,,,,
Region 4,202045,932,"519,054",3.9,1.3,934,"473,927",1.5,1.5,3.1,,,,,
Region 4,202046,932,"545,113",4.5,1.3,939,"500,925",1.5,1.5,3.1,,,,,
Region 4,202047,932,"528,703",5.1,1.5,931,"492,899",1.6,1.7,3.1,,,,,
Region 4,202048,932,"512,139",5.8,1.5,928,"455,085",1.7,1.7,3.1,,,,,
Region 4,202049,933,"527,666",6,1.5,934,"480,418",1.7,1.8,3.1,,,,,
Region 4,202050,930,"526,984",6.7,1.5,926,"479,124",1.7,1.8,3.1,,,,,
Region 4,202051,932,"527,389",7.2,1.6,914,"477,351",1.8,1.8,3.1,,,,,
Region 4,202052,933,"493,336",8.2,1.7,914,"433,181",1.8,1.9,3.1,,,,,
Region 4,202053,932,"559,733",9,1.9,905,"480,692",2,2.1,3.1,,,,,
Region 4,202101,932,"550,675",9,1.7,908,"497,687",1.9,2,3.1,,,,,
Region 4,202102,933,"525,259",8.1,1.5,905,"470,940",1.7,1.8,3.1,,,,,
Region 4,202103,933,"526,541",6.8,1.4,902,"475,455",1.6,1.6,3.1,,,,,
Region 4,202104,930,"529,381",5.6,1.4,893,"473,595",1.5,1.5,3.1,,,,,
Region 5,201940,702,"405,446",0.9,1.2,391,"161,636",1.2,1.1,1.9,,,,,
Region 5,201941,697,"394,980",1,1.3,396,"154,958",1.4,1.3,1.9,,,,,
Region 5,201942,696,"389,755",1.2,1.4,396,"159,316",1.4,1.3,1.9,,,,,
Region 5,201943,697,"395,453",1.2,1.5,410,"169,950",1.5,1.4,1.9,,,,,
Region 5,201944,701,"382,106",1.2,1.5,409,"165,714",1.5,1.4,1.9,,,,,
Region 5,201945,705,"388,368",1.3,1.6,415,"169,681",1.6,1.5,1.9,,,,,
Region 5,201946,703,"381,922",1.3,1.7,416,"163,563",1.7,1.5,1.9,,,,,
Region 5,201947,708,"402,496",1.4,1.8,414,"168,826",1.8,1.6,1.9,,,,,
Region 5,201948,705,"382,255",1.7,2.1,416,"146,108",2.1,2,1.9,,,,,
Region 5,201949,709,"414,375",1.7,2.4,417,"174,791",2.2,2.1,1.9,,,,,
Region 5,201950,705,"412,144",1.9,2.9,410,"164,593",2.6,2.4,1.9,,,,,
Region 5,201951,711,"412,020",2.1,3.7,413,"153,355",3.4,3.2,1.9,,,,,
Region 5,201952,708,"439,204",2.7,5.4,408,"133,022",5,4.8,1.9,,,,,
Region 5,202001,735,"459,057",2.4,5.2,414,"155,375",4.1,3.4,1.9,,,,,
Region 5,202002,735,"433,814",1.8,4.4,417,"168,702",3.5,3,1.9,,,,,
Region 5,202003,737,"414,689",1.7,4.2,417,"167,746",3.6,3.1,1.9,,,,,
Region 5,202004,745,"426,448",1.9,4.7,422,"170,810",4.6,4.2,1.9,,,,,
Region 5,202005,745,"448,454",2.2,5.8,415,"179,503",5.6,5,1.9,,,,,
Region 5,202006,745,"444,680",2.1,6.2,419,"180,071",6.1,5.5,1.9,,,,,
Region 5,202007,745,"425,272",1.9,5.7,415,"171,069",5.7,5.2,1.9,,,,,
Region 5,202008,746,"431,658",1.8,5.5,409,"172,047",5.3,4.7,1.9,,,,,
Region 5,202009,747,"422,988",1.7,5,406,"167,693",4.9,4.5,1.9,,,,,
Region 5,202010,745,"430,256",1.8,5,410,"172,503",4.7,4.3,1.9,,,,,
Region 5,202011,744,"428,753",2.8,6,394,"153,231",5.4,4.4,1.9,,,,,
Region 5,202012,745,"336,712",5.4,6.9,396,"111,660",6,4.6,1.9,,,,,
Region 5,202013,744,"266,888",6.3,5,378,"82,297",4.4,3,1.9,,,,,
Region 5,202014,744,"236,112",6.4,3.9,371,"73,515",3.3,2.3,1.9,,,,,
Region 5,202015,741,"222,237",5.9,2.8,380,"78,860",2.4,1.7,1.9,,,,,
Region 5,202016,740,"217,881",5.2,2.2,378,"80,783",2.1,1.4,1.9,,,,,
Region 5,202017,743,"235,569",4.8,1.9,377,"90,504",1.9,1.5,1.9,,,,,
Region 5,202018,741,"249,451",4.6,1.6,368,"93,792",1.7,1.3,1.9,,,,,
Region 5,202019,743,"256,797",4,1.3,355,"94,206",1.5,1.2,1.9,,,,,
Region 5,202020,741,"264,924",3.5,1.1,354,"97,413",1.4,1.1,1.9,,,,,
Region 5,202021,745,"286,547",2.9,1,341,"99,253",1.3,0.9,1.9,,,,,
Region 5,202022,745,"307,949",2.2,0.7,345,"104,337",0.7,0.6,1.9,,,,,
Region 5,202023,742,"313,437",1.7,0.6,344,"108,887",0.6,0.5,1.9,,,,,
Region 5,202024,740,"326,977",1.4,0.6,345,"111,526",0.5,0.6,1.9,,,,,
Region 5,202025,738,"331,038",1.3,0.6,338,"116,236",0.4,0.5,1.9,,,,,
Region 5,202026,743,"341,525",1.4,0.7,330,"106,213",0.6,0.6,1.9,,,,,
Region 5,202027,742,"343,614",1.7,0.7,336,"109,913",0.6,0.6,1.9,,,,,
Region 5,202028,743,"368,454",1.9,0.8,331,"117,973",0.7,0.6,1.9,,,,,
Region 5,202029,740,"360,764",2.2,0.9,326,"114,537",0.7,0.8,1.9,,,,,
Region 5,202030,744,"355,318",2.1,0.9,329,"114,534",0.7,0.9,1.9,,,,,
Region 5,202031,737,"355,010",2.1,0.8,323,"113,720",0.8,0.8,1.9,,,,,
Region 5,202032,745,"349,248",2.1,0.8,327,"111,602",0.8,0.9,1.9,,,,,
Region 5,202033,745,"364,915",2,0.8,323,"111,694",0.7,0.8,1.9,,,,,
Region 5,202034,746,"361,179",1.9,0.7,322,"115,578",0.7,0.8,1.9,,,,,
Region 5,202035,746,"362,314",1.9,0.7,320,"117,492",0.7,0.8,1.9,,,,,
Region 5,202036,745,"357,022",1.7,0.7,315,"109,550",0.6,0.6,1.9,,,,,
Region 5,202037,745,"353,319",1.7,0.7,312,"107,502",0.6,0.7,1.9,,,,,
Region 5,202038,745,"355,824",1.7,0.7,270,"102,547",0.7,0.7,1.9,,,,,
Region 5,202039,751,"361,909",2.1,0.8,264,"109,180",0.7,0.8,1.9,,,,,
Region 5,202040,746,"352,525",2.3,0.9,481,"197,729",0.8,0.7,1.9,,,,,
Region 5,202041,745,"366,896",2.8,1.1,486,"203,551",0.9,0.8,1.9,,,,,
Region 5,202042,744,"360,627",3.3,1,468,"195,505",0.9,0.8,1.9,,,,,
Region 5,202043,744,"352,351",4.1,1.1,444,"183,286",1,0.9,1.9,,,,,
Region 5,202044,743,"346,993",5.1,1.2,522,"205,348",1,1,1.9,,,,,
Region 5,202045,744,"370,690",6.6,1.4,528,"215,844",1.2,1.1,1.9,,,,,
Region 5,202046,741,"391,951",8,1.4,525,"217,670",1.2,1.2,1.9,,,,,
Region 5,202047,743,"372,112",8.5,1.4,520,"203,454",1.2,1.1,1.9,,,,,
Region 5,202048,743,"342,516",8.6,1.3,512,"174,062",1.1,1,1.9,, ,,,
Region 5,202049,740,"358,640",7.7,1.1,510,"191,412",0.9,0.9,1.9,,,,,
Region 5,202050,742,"355,608",7.6,1.1,516,"193,984",0.9,0.9,1.9,,,,,
Region 5,202051,743,"342,581",6.9,0.9,500,"182,296",0.8,0.8,1.9,,,,,
Region 5,202052,742,"286,300",6.7,0.9,502,"153,504",0.8,0.8,1.9,,,,,
Region 5,202053,715,"279,442",6.1,0.9,506,"168,282",0.8,0.7,1.9,,,,,
Region 5,202101,508,"216,601",6.1,0.7,499,"194,728",0.7,0.8,1.9,,,,,
Region 5,202102,530,"213,815",5.4,0.7,503,"189,609",0.7,0.7,1.9,,,,,
Region 5,202103,529,"219,109",4.7,0.6,480,"178,029",0.6,0.6,1.9,,,,,
Region 5,202104,529,"212,886",3.7,0.5,432,"163,200",0.7,0.7,1.9,,,,,
Region 6,201940,401,"208,356",1,1.4,310,"123,092",2.8,2.2,3.8,,,,,
Region 6,201941,399,"198,911",1.1,1.6,307,"121,390",3,2.5,3.8,,,,,
Region 6,201942,401,"200,617",1.3,1.8,311,"121,617",3.3,2.7,3.8,,,,,
Region 6,201943,398,"197,865",1.3,2.1,313,"122,600",3.8,3.2,3.8,,,,,
Region 6,201944,402,"192,592",1.5,2.5,315,"120,455",4.5,3.7,3.8,,,,,
Region 6,201945,404,"211,168",1.9,3.1,316,"127,147",5.7,4.7,3.8,,,,,
Region 6,201946,403,"209,119",2,3.5,306,"125,373",6.6,5,3.8,,,,,
Region 6,201947,405,"226,365",2.2,4.2,309,"133,630",7.8,6.3,3.8,,,,,
Region 6,201948,400,"210,097",2.5,4.3,309,"108,631",7.9,6.9,3.8,,,,,
Region 6,201949,405,"216,497",2,3.9,305,"125,572",6.4,5.8,3.8,,,,,
Region 6,201950,404,"213,317",1.9,3.9,283,"112,757",7,7.7,3.8,,,,,
Region 6,201951,399,"208,976",2.1,4.7,276,"106,476",8.4,10.1,3.8,,,,,
Region 6,201952,400,"223,374",2.6,6.6,274,"104,351",11.2,13.4,3.8,,,,,
Region 6,202001,411,"224,054",2.2,5.8,297,"112,117",9.3,10,3.8,,,,,
Region 6,202002,413,"210,549",1.7,4.7,308,"121,644",8,8.8,3.8,,,,,
Region 6,202003,410,"213,974",1.6,4.6,305,"122,544",8.5,9.7,3.8,,,,,
Region 6,202004,419,"209,115",1.8,5.1,309,"125,042",9,9.9,3.8,,,,,
Region 6,202005,412,"215,399",2,5.5,310,"130,968",10,10.7,3.8,,,,,
Region 6,202006,427,"210,912",2,5.4,309,"119,500",10.1,10.4,3.8,,,,,
Region 6,202007,427,"207,930",1.9,5,304,"123,861",9.2,9.4,3.8,,,,,
Region 6,202008,430,"209,863",1.8,4.7,305,"124,705",8.7,8.7,3.8,,,,,
Region 6,202009,433,"202,072",1.7,4.3,298,"120,948",8.3,8,3.8,,,,,
Region 6,202010,436,"212,312",2,4.4,295,"124,400",8,7.8,3.8,,,,,
Region 6,202011,439,"215,356",3,5.4,292,"117,967",8.5,7.2,3.8,,,,,
Region 6,202012,437,"176,949",5.1,6.2,280,"96,590",9.7,8.3,3.8,,,,,
Region 6,202013,444,"135,488",5.8,5,277,"72,141",8.2,5.7,3.8,,,,,
Region 6,202014,439,"120,791",5.2,3.4,268,"59,751",6,4.2,3.8,,,,,
Region 6,202015,445,"123,557",4.5,2.5,274,"57,690",4.2,3.2,3.8,,,,,
Region 6,202016,443,"121,635",3.4,1.7,270,"55,267",3.1,2.3,3.8,,,,,
Region 6,202017,433,"130,848",2.9,1.4,263,"57,523",2.8,2.2,3.8,,,,,
Region 6,202018,436,"136,582",2.6,1.2,253,"59,918",2.1,1.6,3.8,,,,,
Region 6,202019,430,"144,302",2.2,1,262,"62,628",1.9,1.4,3.8,,,,,
Region 6,202020,433,"148,645",2.2,1,257,"65,970",1.7,1.3,3.8,,,,,
Region 6,202021,449,"163,129",2,0.9,288,"79,337",1.4,1.2,3.8,,,,,
Region 6,202022,461,"178,910",1.8,0.8,282,"79,331",1.3,1.2,3.8,,,,,
Region 6,202023,464,"199,245",1.9,0.8,282,"82,912",1.4,1.3,3.8,,,,,
Region 6,202024,466,"207,878",2.5,1,267,"82,058",1.4,1.4,3.8,,,,,
Region 6,202025,469,"220,166",3.9,1.4,278,"91,985",1.4,1.4,3.8,,,,,
Region 6,202026,471,"226,197",5.6,1.9,272,"92,154",1.9,1.8,3.8,,,,,
Region 6,202027,467,"224,454",7,2.1,263,"89,799",2.1,2.1,3.8,,,,,
Region 6,202028,467,"231,944",7.3,1.8,275,"94,997",2.4,2,3.8,,,,,
Region 6,202029,470,"223,861",6.7,1.4,272,"92,696",2.3,1.8,3.8,,,,,
Region 6,202030,468,"214,175",5.9,1.2,270,"89,876",2.1,1.7,3.8,,,,,
Region 6,202031,473,"207,884",4.9,1.1,275,"86,657",1.9,1.4,3.8,,,,,
Region 6,202032,474,"207,997",4.1,0.9,275,"89,609",1.7,1.3,3.8,,,,,
Region 6,202033,472,"212,843",3.4,0.8,275,"87,548",1.6,1.2,3.8,,,,,
Region 6,202034,471,"211,418",3,0.8,218,"78,746",1.6,1.2,3.8,,,,,
Region 6,202035,473,"208,577",2.5,0.8,255,"75,783",1.4,1,3.8,,,,,
Region 6,202036,469,"212,889",2.4,0.8,209,"75,402",1.3,1,3.8,,,,,
Region 6,202037,464,"215,741",2.3,0.9,228,"81,793",1.6,1.5,3.8,,,,,
Region 6,202038,476,"222,929",2.5,0.9,210,"76,323",1.5,1.2,3.8,,,,,
Region 6,202039,478,"222,075",2.6,0.9,238,"107,301",1.4,1.2,3.8,,,,,
Region 6,202040,478,"227,854",2.7,1,267,"114,901",1.6,1.4,3.9,,,,,
Region 6,202041,478,"236,191",3.4,1.2,293,"129,096",1.2,1.4,3.9,,,,,
Region 6,202042,477,"236,610",3.8,1.1,284,"125,768",1.2,1.4,3.9,,,,,
Region 6,202043,479,"233,029",4.3,1.1,288,"122,905",1.2,1.4,3.9,,,,,
Region 6,202044,478,"214,752",4.6,1.2,305,"122,524",1.4,1.6,3.9,,,,,
Region 6,202045,478,"232,658",5.4,1.3,307,"132,469",1.6,1.8,3.9,,,,,
Region 6,202046,482,"242,018",6.4,1.4,289,"134,741",1.6,1.8,3.9,,,,,
Region 6,202047,480,"232,551",7.2,1.5,282,"127,854",1.7,1.8,3.9,,,,,
Region 6,202048,477,"217,458",7.7,1.3,289,"115,274",1.5,1.8,3.9,,,,,
Region 6,202049,481,"220,464",7.7,1.3,284,"118,027",1.5,1.7,3.9,,,,,
Region 6,202050,478,"225,146",7.9,1.2,293,"147,403",1.6,1.7,3.9,,,,,
Region 6,202051,477,"216,409",8.6,1.3,273,"127,182",1.4,1.5,3.9,,,,,
Region 6,202052,477,"216,625",9.9,1.4,285,"126,348",1.5,1.6,3.9,,,,,
Region 6,202053,478,"238,233",11.1,1.5,271,"115,646",1.6,1.8,3.9,,,,,
Region 6,202101,478,"235,536",11.1,1.4,285,"129,648",1.5,1.6,3.9,,,,,
Region 6,202102,479,"220,001",9.9,1.2,266,"113,896",1.2,1.3,3.9,,,,,
Region 6,202103,476,"230,157",8.6,1.3,283,"123,800",1.4,1.6,3.9,,,,,
Region 6,202104,473,"228,669",7.2,1.2,263,"107,349",1.1,1.3,3.9,,,,,
Region 7,201940,229,"84,541",1.1,1.4,130,"36,003",1.1,0.8,1.7,,,,,
Region 7,201941,229,"81,010",1.2,1.7,132,"35,517",1.3,0.8,1.7,,,,,
Region 7,201942,230,"84,404",1.5,2,130,"37,930",1.5,1,1.7,,,,,
Region 7,201943,229,"83,418",1.6,2,132,"38,236",1.5,1.1,1.7,,,,,
Region 7,201944,229,"78,952",1.6,2.1,132,"35,531",1.5,1.2,1.7,,,,,
Region 7,201945,229,"83,377",1.7,2.3,132,"37,506",1.6,1.2,1.7,,,,,
Region 7,201946,226,"81,016",1.9,2.4,132,"36,610",1.9,1.7,1.7,,,,,
Region 7,201947,228,"86,555",2,2.6,132,"38,745",2,1.5,1.7,,,,,
Region 7,201948,230,"81,910",2.4,3.1,130,"29,265",3.1,1.7,1.7,,,,,
Region 7,201949,230,"87,941",2.2,3.1,133,"38,718",2.8,1.8,1.7,,,,,
Region 7,201950,229,"87,058",2.5,3.7,133,"37,677",3.6,2.2,1.7,,,,,
Region 7,201951,232,"83,762",3,4.5,132,"35,002",4.6,2.8,1.7,,,,,
Region 7,201952,232,"91,658",3.4,5.7,129,"28,680",8.1,5.6,1.7,,,,,
Region 7,202001,239,"92,176",2.9,5.5,130,"31,432",6.9,4.8,1.7,,,,,
Region 7,202002,235,"84,662",2.3,4.4,129,"33,939",5.5,3.6,1.7,,,,,
Region 7,202003,237,"83,042",2.2,4.4,129,"33,324",5.5,5.3,1.7,,,,,
Region 7,202004,243,"82,502",2.2,4.5,129,"34,151",5.4,6.1,1.7,,,,,
Region 7,202005,245,"87,765",2.4,5.2,128,"35,795",6.1,6.9,1.7,,,,,
Region 7,202006,243,"87,983",2.6,5.7,129,"36,735",6.5,7.3,1.7,,,,,
Region 7,202007,245,"87,243",2.8,6.1,128,"35,478",6.4,6.4,1.7,,,,,
Region 7,202008,245,"90,190",2.7,6.3,129,"36,125",6,5.9,1.7,,,,,
Region 7,202009,248,"89,194",2.5,5.7,127,"33,287",5.6,6.7,1.7,,,,,
Region 7,202010,250,"88,807",2.4,5.3,126,"34,946",5.4,7,1.7,,,,,
Region 7,202011,251,"86,088",3.1,5.8,123,"32,103",5.7,6.5,1.7,,,,,
Region 7,202012,252,"70,936",4.7,6.2,120,"24,793",6.1,5.9,1.7,,,,,
Region 7,202013,255,"58,248",4.3,4.4,117,"19,738",4.3,3.7,1.7,,,,,
Region 7,202014,254,"51,141",3.4,3,118,"17,322",3.1,1.9,1.7,,,,,
Region 7,202015,252,"49,716",2.7,2,117,"16,019",2.2,1.4,1.7,,,,,
Region 7,202016,255,"47,431",2.3,1.6,115,"16,057",1.6,1,1.7,,,,,
Region 7,202017,253,"51,622",2,1.3,115,"17,400",1.4,0.8,1.7,,,,,
Region 7,202018,254,"55,712",1.9,1,116,"18,687",1.2,1,1.7,,,,,
Region 7,202019,255,"56,882",1.7,0.9,114,"19,123",0.9,0.5,1.7,,,,,
Region 7,202020,254,"58,617",1.6,0.9,113,"19,802",0.9,0.5,1.7,,,,,
Region 7,202021,254,"63,237",1.2,0.7,110,"20,245",0.7,0.4,1.7,,,,,
Region 7,202022,254,"67,533",1.1,0.7,112,"17,947",0.7,0.4,1.7,,,,,
Region 7,202023,255,"69,426",1,0.6,110,"21,023",0.7,0.4,1.7,,,,,
Region 7,202024,255,"72,547",1,0.6,107,"21,704",0.5,0.3,1.7,,,,,
Region 7,202025,255,"73,459",1.1,0.7,154,"47,859",0.6,0.6,1.7,,,,,
Region 7,202026,257,"75,366",1.2,0.8,156,"48,475",0.7,0.8,1.7,,,,,
Region 7,202027,258,"76,158",1.4,0.9,152,"46,743",0.9,0.9,1.7,,,,,
Region 7,202028,257,"82,043",1.7,1.1,154,"51,069",1,1,1.7,,,,,
Region 7,202029,259,"79,625",1.9,1.1,153,"46,306",1,0.9,1.7,,,,,
Region 7,202030,257,"78,583",1.8,1,154,"49,521",1,0.9,1.7,,,,,
Region 7,202031,258,"77,194",1.8,1,153,"47,851",1,0.9,1.7,,,,,
Region 7,202032,258,"76,729",1.8,1,153,"49,042",1,0.9,1.7,,,,,
Region 7,202033,258,"78,913",1.8,1,154,"49,952",0.9,0.9,1.7,,,,,
Region 7,202034,257,"77,404",1.6,0.9,151,"49,645",0.8,0.9,1.7,,,,,
Region 7,202035,256,"78,196",1.6,0.9,151,"51,850",2,3.2,1.7,,,,,
Region 7,202036,257,"77,696",1.7,1,160,"52,405",1.4,2.1,1.7,,,,,
Region 7,202037,256,"78,391",1.8,1.2,160,"51,338",1.2,1.5,1.7,,,,,
Region 7,202038,256,"78,664",1.9,1.1,152,"52,007",1.1,1.2,1.7,,,,,
Region 7,202039,257,"77,651",2.1,1.2,154,"51,933",1.2,1.3,1.7,,,,,
Region 7,202040,256,"73,919",2.3,1.3,161,"50,668",1.2,1.3,1.7,,,,,
Region 7,202041,254,"80,301",2.6,1.4,160,"54,369",1.3,1.5,1.7,,,,,
Region 7,202042,254,"76,592",2.5,1.1,162,"49,800",1.2,1.3,1.7,,,,,
Region 7,202043,255,"72,600",2.8,1.2,163,"50,462",1.2,1.3,1.7,,,,,
Region 7,202044,253,"72,346",3.4,1.3,164,"49,912",1.4,1.5,1.7,,,,,
Region 7,202045,254,"80,915",4.5,1.4,164,"54,675",1.8,2.3,1.7,,,,,
Region 7,202046,254,"81,639",5.2,1.5,162,"54,021",1.4,1.4,1.7,,,,,
Region 7,202047,255,"76,498",5.5,1.5,165,"51,630",1.5,1.5,1.7,,,,,
Region 7,202048,254,"69,707",5.5,1.4,166,"45,236",1.4,1.3,1.7,,,,,
Region 7,202049,254,"71,464",4.8,1.3,167,"48,958",1.3,1.3,1.7,,,,,
Region 7,202050,253,"72,185",4.6,1.3,165,"49,732",1.2,1.2,1.7,,,,,
Region 7,202051,254,"69,655",4.4,1.1,164,"48,001",1.1,1.2,1.7,,,,,
Region 7,202052,253,"67,143",4.4,1.2,162,"43,014",1.2,1.2,1.7,,,,,
Region 7,202053,255,"69,781",4.2,1.2,159,"44,035",1.2,1.1,1.7,,,,,
Region 7,202101,254,"73,349",4,1,161,"50,115",0.9,0.9,1.7,,,,,
Region 7,202102,254,"68,361",3.6,0.9,160,"47,027",0.9,0.9,1.7,,,,,
Region 7,202103,254,"70,428",3.1,1,157,"48,196",0.9,0.8,1.7,,,,,
Region 7,202104,252,"68,369",2.4,1,151,"43,970",0.9,0.8,1.7,,,,,
Region 8,201940,160,"47,422",0.8,1,223,"89,062",1.6,1.8,2.7,,,,,
Region 8,201941,163,"47,093",0.9,1.2,229,"94,226",1.6,1.8,2.7,,,,,
Region 8,201942,157,"47,956",0.9,1.3,232,"98,201",1.7,1.9,2.7,,,,,
Region 8,201943,158,"46,937",0.8,1.3,231,"96,380",1.8,2,2.7,,,,,
Region 8,201944,163,"46,061",0.9,1.2,232,"86,690",1.8,2,2.7,,,,,
Region 8,201945,167,"53,795",1.1,1.5,227,"93,003",1.9,2.1,2.7,,,,,
Region 8,201946,168,"54,421",1.1,1.6,229,"85,472",2.2,2.4,2.7,,,,,
Region 8,201947,162,"55,465",1.2,1.9,229,"89,312",2.4,2.6,2.7,,,,,
Region 8,201948,165,"52,937",1.6,2.3,228,"70,708",3,3.2,2.7,,,,,
Region 8,201949,170,"56,579",1.3,2,230,"86,046",2.8,3,2.7,,,,,
Region 8,201950,172,"56,129",1.4,2.6,224,"83,098",3.4,3.6,2.7,,,,,
Region 8,201951,167,"56,809",1.6,3.1,223,"86,211",4.1,4.4,2.7,,,,,
Region 8,201952,165,"59,790",2.4,4.6,229,"78,163",6,6.3,2.7,,,,,
Region 8,202001,171,"63,353",2,4.4,227,"77,108",5.5,5.8,2.7,,,,,
Region 8,202002,172,"60,995",1.9,4.2,229,"87,007",5,5.2,2.7,,,,,
Region 8,202003,172,"60,259",1.8,4.3,224,"86,863",5.4,5.6,2.7,,,,,
Region 8,202004,172,"62,528",2.1,4.9,223,"89,011",6.3,6.5,2.7,,,,,
Region 8,202005,170,"64,061",2.4,5.4,225,"92,633",6.6,6.8,2.7,,,,,
Region 8,202006,176,"61,747",2.2,5.1,226,"89,480",6.4,6.7,2.7,,,,,
Region 8,202007,177,"61,293",2.1,4.5,222,"86,449",5.6,5.9,2.7,,,,,
Region 8,202008,169,"61,965",2.1,4.7,226,"84,702",5.3,5.5,2.7,,,,,
Region 8,202009,177,"61,354",2.1,4.4,225,"89,245",4.8,5,2.7,,,,,
Region 8,202010,175,"62,198",2.3,4.7,212,"87,391",5.2,5.2,2.7,,,,,
Region 8,202011,175,"61,839",4,6.3,216,"84,942",6.1,6.3,2.7,,,,,
Region 8,202012,174,"50,180",6.1,6.7,216,"58,716",5.9,6.2,2.7,,,,,
Region 8,202013,175,"42,402",6.5,5,209,"48,222",3.8,4,2.7,,,,,
Region 8,202014,177,"37,846",6.2,3.9,211,"44,258",2.7,2.9,2.7,,,,,
Region 8,202015,171,"37,002",5.2,2.7,210,"41,885",2,2.1,2.7,,,,,
Region 8,202016,175,"35,589",4.3,2,202,"43,658",1.3,1.4,2.7,,,,,
Region 8,202017,171,"39,700",3.9,1.6,202,"45,440",1.2,1.2,2.7,,,,,
Region 8,202018,174,"41,798",3.4,1.3,206,"47,656",0.8,0.9,2.7,,,,,
Region 8,202019,180,"42,246",3.1,1.2,204,"48,734",0.8,0.8,2.7,,,,,
Region 8,202020,178,"43,494",2.7,1,205,"50,368",0.7,0.7,2.7,,,,,
Region 8,202021,182,"47,391",2.5,0.9,203,"53,452",0.6,0.6,2.7,,,,,
Region 8,202022,185,"49,293",1.9,0.8,202,"52,489",0.7,0.6,2.7,,,,,
Region 8,202023,185,"50,305",1.9,0.8,200,"58,032",0.5,0.5,2.7,,,,,
Region 8,202024,184,"50,993",1.5,0.7,200,"59,148",0.5,0.5,2.7,,,,,
Region 8,202025,184,"52,135",1.9,0.7,201,"60,445",0.5,0.5,2.7,,,,,
Region 8,202026,182,"53,857",2.1,0.9,200,"62,298",0.6,0.6,2.7,,,,,
Region 8,202027,187,"53,590",2.3,0.9,196,"58,821",0.7,0.6,2.7,,,,,
Region 8,202028,186,"56,277",2.6,1,196,"66,595",0.7,0.7,2.7,,,,,
Region 8,202029,187,"55,703",2.6,0.9,195,"68,509",0.6,0.6,2.7,,,,,
Region 8,202030,191,"55,216",2.6,0.9,195,"66,210",0.6,0.6,2.7,,,,,
Region 8,202031,187,"54,812",2.6,0.8,195,"67,537",0.6,0.6,2.7,,,,,
Region 8,202032,191,"55,114",2.4,0.7,196,"68,069",0.6,0.6,2.7,,,,,
Region 8,202033,194,"55,134",2,0.7,177,"55,170",0.6,0.7,2.7,,,,,
Region 8,202034,198,"55,715",2.1,0.7,196,"63,318",0.6,0.6,2.7,,,,,
Region 8,202035,197,"55,714",2.2,0.7,197,"65,562",0.5,0.5,2.7,,,,,
Region 8,202036,197,"54,823",2.2,0.8,194,"65,881",0.7,0.7,2.7,,,,,
Region 8,202037,201,"55,295",2.2,0.8,195,"60,603",0.8,0.8,2.7,,,,,
Region 8,202038,201,"55,925",2.8,1,194,"74,212",0.8,0.8,2.7,,,,,
Region 8,202039,201,"56,827",3.4,1,191,"75,879",0.9,0.9,2.7,,,,,
Region 8,202040,206,"55,943",3.8,1,202,"75,071",0.8,0.9,2.8,,,,,
Region 8,202041,208,"60,825",4.7,1.3,201,"78,000",1,1.1,2.8,,,,,
Region 8,202042,210,"58,174",5.4,1.2,202,"74,060",0.9,1,2.8,,,,,
Region 8,202043,209,"56,316",6.2,1.3,202,"73,210",1,1.1,2.8,,,,,
Region 8,202044,206,"54,420",7.4,1.4,202,"72,460",1.2,1.3,2.8,,,,,
Region 8,202045,211,"59,323",8.9,1.6,204,"74,056",1.2,1.3,2.8,,,,,
Region 8,202046,208,"56,446",10.7,1.4,204,"71,157",1.2,1.2,2.8,,,,,
Region 8,202047,212,"56,332",11.5,1.4,199,"68,183",1.1,1.1,2.8,,,,,
Region 8,202048,217,"54,180",11.2,1.2,203,"54,816",1,1,2.8,,,,,
Region 8,202049,212,"54,044",10.1,1.1,202,"64,752",0.9,0.9,2.8,,,,,
Region 8,202050,213,"54,090",9.4,1,206,"64,554",0.9,0.9,2.8,,,,,
Region 8,202051,220,"52,908",7.9,1,203,"62,818",0.8,0.8,2.8,,,,,
Region 8,202052,224,"52,626",7.2,0.9,202,"51,755",0.8,0.8,2.8,,,,,
Region 8,202053,223,"55,768",6.6,0.9,198,"53,685",0.8,0.8,2.8,,,,,
Region 8,202101,227,"55,801",6.9,0.9,195,"64,713",0.7,0.8,2.8,,,,,
Region 8,202102,229,"55,063",6,0.8,196,"62,664",0.7,0.8,2.8,,,,,
Region 8,202103,230,"56,860",5.1,0.8,192,"60,874",0.8,0.8,2.8,,,,,
Region 8,202104,243,"57,964",4.2,0.8,207,"68,653",0.7,0.7,2.8,,,,,
Region 9,201940,148,"130,354",0.9,1.1,197,"83,710",1.3,1.3,2.4,,,,,
Region 9,201941,147,"132,527",1.1,1.3,196,"82,450",1.4,1.4,2.4,,,,,
Region 9,201942,147,"132,550",1.2,1.5,201,"81,744",1.6,1.6,2.4,,,,,
Region 9,201943,150,"134,610",1.2,1.6,201,"84,982",1.6,1.7,2.4,,,,,
Region 9,201944,151,"133,492",1.4,1.8,201,"82,283",1.8,1.8,2.4,,,,,
Region 9,201945,154,"144,170",1.6,2.4,208,"88,528",2.3,2.2,2.4,,,,,
Region 9,201946,156,"147,973",1.7,2.8,210,"91,034",2.7,2.6,2.4,,,,,
Region 9,201947,153,"145,274",1.7,2.9,209,"95,638",2.6,2.5,2.4,,,,,
Region 9,201948,154,"126,739",1.9,3,206,"67,381",3,2.8,2.4,,,,,
Region 9,201949,153,"144,008",1.9,3,210,"92,809",2.8,2.8,2.4,,,,,
Region 9,201950,153,"145,608",1.8,3,208,"90,642",2.8,2.8,2.4,,,,,
Region 9,201951,152,"144,078",2,3.3,204,"85,274",3.1,3.2,2.4,,,,,
Region 9,201952,155,"136,389",2.7,4.7,206,"65,521",4.3,4.6,2.4,,,,,
Region 9,202001,154,"149,554",2.7,4.8,216,"77,419",4,4.6,2.4,,,,,
Region 9,202002,157,"157,316",2.2,4.1,216,"102,161",3.4,3.8,2.4,,,,,
Region 9,202003,156,"158,760",2.1,4.3,211,"102,226",3.7,4.1,2.4,,,,,
Region 9,202004,154,"160,812",2.5,4.8,214,"101,413",4.3,4.7,2.4,,,,,
Region 9,202005,155,"163,482",2.7,5,216,"108,246",4.3,4.7,2.4,,,,,
Region 9,202006,153,"157,764",2.6,4.7,212,"108,780",4.3,4.7,2.4,,,,,
Region 9,202007,153,"156,853",2.5,4.5,212,"101,200",4,4.4,2.4,,,,,
Region 9,202008,154,"160,121",2.4,4.3,214,"100,086",3.9,4.3,2.4,,,,,
Region 9,202009,155,"156,562",2.1,3.7,209,"103,642",3.6,3.9,2.4,,,,,
Region 9,202010,155,"153,766",2.4,3.9,191,"97,539",3.3,3.6,2.4,,,,,
Region 9,202011,156,"146,456",3.4,4.8,188,"89,494",3.6,3.9,2.4,,,,,
Region 9,202012,154,"113,375",5.5,6.2,182,"57,272",3.8,4.5,2.4,,,,,
Region 9,202013,154,"89,091",5.3,5,180,"51,211",3,3.4,2.4,,,,,
Region 9,202014,154,"78,537",4.9,4,176,"48,100",2.3,2.5,2.4,,,,,
Region 9,202015,153,"73,061",4.2,2.8,176,"46,385",1.8,2,2.4,,,,,
Region 9,202016,154,"75,608",3.2,2,180,"48,611",1.5,1.6,2.4,,,,,
Region 9,202017,155,"81,555",3,1.7,174,"50,578",1.2,1.3,2.4,,,,,
Region 9,202018,155,"85,770",2.6,1.5,174,"49,911",1.2,1.2,2.4,,,,,
Region 9,202019,156,"88,798",2.3,1.3,176,"58,699",0.9,1.1,2.4,,,,,
Region 9,202020,154,"91,389",2.2,1.2,171,"51,378",1,1.1,2.4,,,,,
Region 9,202021,153,"96,789",2.1,1.3,166,"54,543",1,1.1,2.4,,,,,
Region 9,202022,155,"100,665",2.2,1.1,161,"49,423",1.1,1.1,2.4,,,,,
Region 9,202023,154,"105,575",2.5,1.1,162,"54,267",0.9,1,2.4,,,,,
Region 9,202024,155,"102,724",3.5,1.5,156,"54,464",1,1,2.4,,,,,
Region 9,202025,154,"104,619",4.9,1.9,151,"57,029",1.1,1.2,2.4,,,,,
Region 9,202026,154,"111,219",6.9,2.3,153,"57,146",1.4,1.4,2.4,,,,,
Region 9,202027,155,"109,158",8.6,2.7,149,"54,040",1.5,1.6,2.4,,,,,
Region 9,202028,156,"113,943",8.6,2.3,152,"59,040",1.4,1.5,2.4,,,,,
Region 9,202029,156,"111,801",7.8,2.1,151,"57,926",1.4,1.5,2.4,,,,,
Region 9,202030,155,"107,316",6.5,1.6,170,"69,672",1.3,1.3,2.4,,,,,
Region 9,202031,154,"108,043",5.3,1.4,153,"63,691",1.3,1.3,2.4,,,,,
Region 9,202032,157,"105,754",4.3,1.1,150,"63,487",1.1,1.2,2.4,,,,,
Region 9,202033,155,"107,265",3.5,0.9,162,"69,587",0.9,0.9,2.4,,,,,
Region 9,202034,156,"107,413",2.9,0.9,163,"69,938",0.7,0.7,2.4,,,,,
Region 9,202035,156,"107,910",2.6,0.9,157,"69,294",0.8,0.8,2.4,,,,,
Region 9,202036,157,"106,881",2.1,0.8,147,"60,397",0.8,0.8,2.4,,,,,
Region 9,202037,158,"107,506",1.9,0.8,145,"61,115",0.8,0.8,2.4,,,,,
Region 9,202038,160,"110,224",1.8,0.8,149,"63,413",0.8,0.8,2.4,,,,,
Region 9,202039,160,"112,758",1.8,0.8,135,"56,736",0.6,0.7,2.4,,,,,
Region 9,202040,160,"111,125",1.8,0.7,186,"79,236",0.8,0.9,2.4,,,,,
Region 9,202041,162,"113,617",2.1,0.8,195,"86,587",1,1,2.4,,,,,
Region 9,202042,158,"113,387",2.3,0.9,202,"88,908",0.9,0.9,2.4,,,,,
Region 9,202043,161,"113,556",2.6,1,201,"89,335",1,1,2.4,,,,,
Region 9,202044,161,"108,657",3,1.1,197,"88,459",1.1,1.1,2.4,,,,,
Region 9,202045,163,"115,617",3.9,1.3,196,"93,028",1.3,1.3,2.4,,,,,
Region 9,202046,163,"112,275",4.9,1.5,184,"79,284",1.4,1.4,2.4,,,,,
Region 9,202047,162,"118,210",6.5,1.7,188,"95,693",1.5,1.5,2.4,,,,,
Region 9,202048,162,"112,862",8.3,1.9,185,"77,682",1.8,1.8,2.4,,,,,
Region 9,202049,162,"120,179",9.7,1.8,184,"96,133",1.7,1.6,2.4,,,,,
Region 9,202050,163,"120,154",11.1,1.9,181,"91,576",1.7,1.8,2.4,,,,,
Region 9,202051,163,"115,638",12.5,1.9,183,"85,111",1.8,1.8,2.4,,,,,
Region 9,202052,163,"107,501",13.3,2,180,"66,106",2,2,2.4,,,,,
Region 9,202053,164,"114,160",13.3,2.1,181,"68,888",1.9,2,2.4,,,,,
Region 9,202101,166,"113,425",13.8,1.8,180,"80,087",1.7,1.8,2.4,,,,,
Region 9,202102,163,"109,880",12.1,1.6,171,"77,642",1.5,1.5,2.4,,,,,
Region 9,202103,165,"109,879",10.1,1.4,180,"75,188",1.3,1.3,2.4,,,,,
Region 9,202104,165,"105,863",7.4,1.1,151,"63,509",1.2,1.2,2.4,,,,,
Region 10,201940,196,"91,466",0.8,0.9,166,"71,045",1,1,1.5,,,,,
Region 10,201941,196,"92,001",0.8,0.9,178,"71,305",1.2,1.1,1.5,,,,,
Region 10,201942,197,"93,015",0.8,1,178,"72,289",1.2,1.2,1.5,,,,,
Region 10,201943,194,"92,122",0.8,0.9,179,"71,238",1.2,1.1,1.5,,,,,
Region 10,201944,196,"87,984",0.9,1,181,"68,251",1.2,1.2,1.5,,,,,
Region 10,201945,197,"89,398",1,1.3,180,"64,848",1.4,1.3,1.5,,,,,
Region 10,201946,195,"95,184",1.2,1.5,179,"64,886",1.3,1.4,1.5,,,,,
Region 10,201947,200,"95,428",1.2,1.7,178,"72,024",2.1,2.2,1.5,,,,,
Region 10,201948,198,"91,865",1.5,2.2,183,"56,732",2.4,2.8,1.5,,,,,
Region 10,201949,199,"98,202",1.5,2.4,180,"73,068",3.1,3.3,1.5,,,,,
Region 10,201950,198,"98,783",1.7,3.1,180,"74,636",4.2,4.5,1.5,,,,,
Region 10,201951,200,"99,754",2,3.9,176,"73,132",5.5,5.8,1.5,,,,,
Region 10,201952,201,"103,549",2.5,5.2,169,"71,965",7.1,7.2,1.5,,,,,
Region 10,202001,201,"104,360",2.2,4.7,175,"71,870",5.5,5.7,1.5,,,,,
Region 10,202002,203,"98,307",1.6,3.4,179,"73,781",4,4.1,1.5,,,,,
Region 10,202003,200,"92,856",1.5,2.9,178,"70,333",3.5,3.6,1.5,,,,,
Region 10,202004,200,"97,963",1.5,3,177,"72,732",3.8,3.8,1.5,,,,,
Region 10,202005,201,"97,191",1.7,3.2,177,"73,329",3.8,3.9,1.5,,,,,
Region 10,202006,201,"95,280",1.7,2.8,178,"72,597",3.4,3.5,1.5,,,,,
Region 10,202007,205,"97,029",1.6,2.7,176,"73,331",3.5,3.4,1.5,,,,,
Region 10,202008,203,"98,126",1.7,2.8,174,"73,118",3.6,3.6,1.5,,,,,
Region 10,202009,203,"98,472",1.9,3.1,176,"73,768",3.8,3.9,1.5,,,,,
Region 10,202010,204,"97,744",3.3,4.7,179,"73,700",5.2,5.5,1.5,,,,,
Region 10,202011,203,"93,176",5,5.8,176,"68,875",5.8,5.7,1.5,,,,,
Region 10,202012,203,"77,459",6.9,6.2,171,"54,244",6.3,5.9,1.5,,,,,
Region 10,202013,205,"63,230",6.5,4.5,167,"43,743",4.7,4.3,1.5,,,,,
Region 10,202014,203,"56,577",5.6,3,166,"39,207",3.2,3.1,1.5,,,,,
Region 10,202015,202,"57,128",4.2,2.1,166,"39,453",2.3,2.1,1.5,,,,,
Region 10,202016,203,"58,017",3,1.3,166,"39,650",1.5,1.7,1.5,,,,,
Region 10,202017,202,"61,772",2.6,1.2,165,"42,637",1.4,1.6,1.5,,,,,
Region 10,202018,202,"65,238",2.2,1,163,"56,708",1,1.1,1.5,,,,,
Region 10,202019,205,"67,629",1.7,0.8,161,"46,731",1,1.1,1.5,,,,,
Region 10,202020,203,"70,363",1.6,0.7,161,"48,410",0.9,1,1.5,,,,,
Region 10,202021,203,"71,890",1.4,0.7,160,"49,370",0.8,0.6,1.5,,,,,
Region 10,202022,203,"77,258",1.3,0.6,163,"52,893",0.7,0.9,1.5,,,,,
Region 10,202023,205,"76,940",1.3,0.6,162,"52,820",0.8,0.7,1.5,,,,,
Region 10,202024,203,"78,422",1.4,0.6,155,"53,907",0.7,0.6,1.5,,,,,
Region 10,202025,204,"81,499",1.5,0.5,155,"55,640",0.7,0.5,1.5,,,,,
Region 10,202026,204,"84,224",1.8,0.6,155,"58,090",0.7,0.7,1.5,,,,,
Region 10,202027,203,"83,101",2.3,0.8,171,"67,124",1,0.9,1.5,,,,,
Region 10,202028,202,"86,830",2.6,0.8,182,"71,054",1,0.9,1.5,,,,,
Region 10,202029,205,"86,274",2.8,0.8,175,"67,595",0.9,0.9,1.5,,,,,
Region 10,202030,205,"87,782",2.7,0.7,160,"65,575",0.9,0.8,1.5,,,,,
Region 10,202031,205,"86,865",2.7,0.7,170,"63,534",0.9,0.8,1.5,,,,,
Region 10,202032,206,"85,392",2.5,0.7,168,"62,711",0.9,0.7,1.5,,,,,
Region 10,202033,205,"85,467",2.3,0.6,169,"63,171",0.7,0.6,1.5,,,,,
Region 10,202034,206,"88,240",2.1,0.7,170,"63,245",0.8,0.7,1.5,,,,,
Region 10,202035,207,"85,917",2.1,0.5,169,"61,654",0.7,0.6,1.5,,,,,
Region 10,202036,205,"84,426",1.9,0.6,167,"60,420",0.8,0.7,1.5,,,,,
Region 10,202037,204,"85,070",1.8,0.6,163,"58,059",0.8,0.7,1.5,,,,,
Region 10,202038,208,"84,633",1.8,0.6,166,"60,277",0.8,0.6,1.5,,,,,
Region 10,202039,205,"85,124",2,0.6,158,"60,597",0.9,0.8,1.5,,,,,
Region 10,202040,208,"84,580",2.1,0.7,179,"64,191",1.2,1,1.6,,,,, 
Region 10,202041,207,"88,326",2.5,0.8,181,"67,540",1.3,1.1,1.6,,,,,
Region 10,202042,207,"86,107",2.5,0.7,180,"64,289",1.1,0.9,1.6,,,,,
Region 10,202043,208,"85,050",2.9,0.8,180,"62,556",1.2,1,1.6,,,,,
Region 10,202044,205,"82,869",3.3,0.8,186,"63,276",1.2,1.1,1.6,,,,,
Region 10,202045,208,"86,621",4.1,0.9,186,"64,599",1.4,1.2,1.6,,,,,
Region 10,202046,208,"85,500",5,1.1,185,"64,749",1.5,1.3,1.6,,,,,
Region 10,202047,206,"84,624",6.2,1,184,"64,295",1.4,1.2,1.6,,,,,
Region 10,202048,208,"81,192",6.5,1,185,"57,874",1.4,1.2,1.6,,,,,
Region 10,202049,209,"81,813",6.3,0.9,182,"60,851",1.1,1,1.6,,,,,
Region 10,202050,209,"80,692",6.2,0.9,181,"58,728",1.2,1,1.6,,,,,
Region 10,202051,210,"81,354",5.8,0.8,178,"58,227",1,1,1.6,,,,,
Region 10,202052,208,"78,748",5.4,0.7,176,"55,066",1,0.9,1.6,,,,,
Region 10,202053,207,"84,077",5.3,0.7,179,"59,148",0.9,0.9,1.6,,,,,
Region 10,202101,208,"83,777",5,0.7,178,"60,768",0.9,0.8,1.6,,,,,
Region 10,202102,207,"82,279",4.5,0.6,179,"59,178",0.8,0.8,1.6,,,,,
Region 10,202103,209,"81,866",3.7,0.6,173,"58,742",0.7,0.7,1.6,,,,,
Region 10,202104,208,"83,065",3.1,0.5,175,"60,709",0.7,0.6,1.6,,,,,