date,region,cases
04/01/2020,X,0.0
11/01/2020,X,0.0
18/01/2020,X,0.0
25/01/2020,X,0.0
01/02/2020,X,0.0
08/02/2020,X,0.0
15/02/2020,X,0.0
22/02/2020,X,6.542166732284679
29/02/2020,X,5.505270380751277
07/03/2020,X,5.068340394792941
14/03/2020,X,5.104837240494462
21/03/2020,X,4.891688871221982
28/03/2020,X,2.8807734126197735
04/04/2020,X,1.546892240719619
11/04/2020,X,0.9216289930817029
18/04/2020,X,0.5664029471964346
25/04/2020,X,0.48790074723019505
02/05/2020,X,0.3886955128554233
09/05/2020,X,0.33130384068829777
16/05/2020,X,0.19047540482582306
23/05/2020,X,0.2937134774507468
30/05/2020,X,0.32933497179583326
06/06/2020,X,0.28230190323001586
13/06/2020,X,0.29739054869099474
20/06/2020,X,0.21516084164664717
27/06/2020,X,0.26134452892331883
04/07/2020,X,0.34547284720447635
11/07/2020,X,0.48100556051645915
18/07/2020,X,0.4776959223795919
25/07/2020,X,0.4300771832918323
01/08/2020,X,0.3436579750163478
08/08/2020,X,0.3427278381671785
15/08/2020,X,
22/08/2020,X,
29/08/2020,X,
05/09/2020,X,
12/09/2020,X,0.0
19/09/2020,X,0.0
26/09/2020,X,0.0
03/10/2020,X,0.0
04/01/2020,AL,0.0
11/01/2020,AL,0.0
18/01/2020,AL,0.0
25/01/2020,AL,0.0
01/02/2020,AL,0.0
08/02/2020,AL,0.0
15/02/2020,AL,0.0
22/02/2020,AL,4.921828768934006
29/02/2020,AL,4.0697351472936
07/03/2020,AL,3.961472391154725
14/03/2020,AL,4.376593346492774
21/03/2020,AL,4.656546483526014
28/03/2020,AL,3.070011797279968
04/04/2020,AL,1.5443872547543478
11/04/2020,AL,0.9927001303617078
18/04/2020,AL,0.5666588283769327
25/04/2020,AL,0.4896203160601503
02/05/2020,AL,0.28341436171018225
09/05/2020,AL,0.284349602704719
16/05/2020,AL,0.21169435814048151
23/05/2020,AL,0.3139114426429724
30/05/2020,AL,0.19773928486443915
06/06/2020,AL,0.39203498435340073
13/06/2020,AL,0.5074096889808261
20/06/2020,AL,0.4038621573109701
27/06/2020,AL,0.42641647862536863
04/07/2020,AL,0.3135104580468957
11/07/2020,AL,0.8425318048052064
18/07/2020,AL,0.7035943100884893
25/07/2020,AL,0.48950865733209636
01/08/2020,AL,0.5194014467109268
08/08/2020,AL,0.6303832714553487
15/08/2020,AL,
22/08/2020,AL,
29/08/2020,AL,
05/09/2020,AL,
12/09/2020,AL,0.0
19/09/2020,AL,0.0
26/09/2020,AL,0.0
03/10/2020,AL,0.0
04/01/2020,AR,0.0
11/01/2020,AR,0.0
18/01/2020,AR,0.0
25/01/2020,AR,0.0
01/02/2020,AR,0.0
08/02/2020,AR,0.0
15/02/2020,AR,0.0
22/02/2020,AR,9.553894044283332
29/02/2020,AR,8.147168025677704
07/03/2020,AR,7.90435331628552
14/03/2020,AR,5.398474407483726
21/03/2020,AR,5.047227459319814
28/03/2020,AR,3.2419020047863367
04/04/2020,AR,1.1905427925764276
11/04/2020,AR,0.48083699014776243
18/04/2020,AR,0.20628819318610278
25/04/2020,AR,0.052506612236096414
02/05/2020,AR,0.06050050210803686
09/05/2020,AR,0.1766537929190064
16/05/2020,AR,0.023178167185247647
23/05/2020,AR,0.4197763288747269
30/05/2020,AR,0.3763525677904418
06/06/2020,AR,0.07972101634311687
13/06/2020,AR,0.2655802749674229
20/06/2020,AR,0.2603749835990558
27/06/2020,AR,0.2619939215941122
04/07/2020,AR,0.10715937364245873
11/07/2020,AR,0.4377264884619867
18/07/2020,AR,0.353981926068293
25/07/2020,AR,0.32586273242083835
01/08/2020,AR,0.34175911553381355
08/08/2020,AR,0.28903008812058145
15/08/2020,AR,
22/08/2020,AR,
29/08/2020,AR,
05/09/2020,AR,
12/09/2020,AR,0.0
19/09/2020,AR,0.0
26/09/2020,AR,0.0
03/10/2020,AR,0.0
04/01/2020,AZ,0.0
11/01/2020,AZ,0.0
18/01/2020,AZ,0.0
25/01/2020,AZ,0.0
01/02/2020,AZ,0.0
08/02/2020,AZ,0.0
15/02/2020,AZ,0.0
22/02/2020,AZ,5.511514785117437
29/02/2020,AZ,4.572524621700624
07/03/2020,AZ,3.5897091708246744
14/03/2020,AZ,4.111564733606001
21/03/2020,AZ,3.9826019243394626
28/03/2020,AZ,2.347556748593593
04/04/2020,AZ,0.7918525615586935
11/04/2020,AZ,0.7722610959788192
18/04/2020,AZ,0.5684747741130083
25/04/2020,AZ,0.7034662955907056
02/05/2020,AZ,0.253576491531984
09/05/2020,AZ,0.2846575650049069
16/05/2020,AZ,0.048438947205220365
23/05/2020,AZ,0.13683215148523478
30/05/2020,AZ,0.3221775221286565
06/06/2020,AZ,0.36811461832339204
13/06/2020,AZ,0.3285793733621482
20/06/2020,AZ,0.238295617179871
27/06/2020,AZ,0.5228261993057697
04/07/2020,AZ,0.24764299247472193
11/07/2020,AZ,0.20545043081677772
18/07/2020,AZ,0.5444579624261411
25/07/2020,AZ,0.517285752379621
01/08/2020,AZ,0.7376375229863569
08/08/2020,AZ,0.4281531868172197
15/08/2020,AZ,
22/08/2020,AZ,
29/08/2020,AZ,
05/09/2020,AZ,
12/09/2020,AZ,0.0
19/09/2020,AZ,0.0
26/09/2020,AZ,0.0
03/10/2020,AZ,0.0
04/01/2020,CA,0.0
11/01/2020,CA,0.0
18/01/2020,CA,0.0
25/01/2020,CA,0.0
01/02/2020,CA,0.0
08/02/2020,CA,0.0
15/02/2020,CA,0.0
22/02/2020,CA,6.900796906034831
29/02/2020,CA,6.104291150941253
07/03/2020,CA,5.453479700208582
14/03/2020,CA,5.661341793933635
21/03/2020,CA,4.729844211176129
28/03/2020,CA,2.049862908894547
04/04/2020,CA,1.1827085860692865
11/04/2020,CA,0.721769775761255
18/04/2020,CA,0.6404237013280843
25/04/2020,CA,0.6142669430231888
02/05/2020,CA,0.556024524550144
09/05/2020,CA,0.6257653014714428
16/05/2020,CA,0.20217405799348592
23/05/2020,CA,0.5453100109298941
30/05/2020,CA,0.5011344837738662
06/06/2020,CA,0.5050599081622456
13/06/2020,CA,0.5756283170779571
20/06/2020,CA,0.30614491853898523
27/06/2020,CA,0.30710366558249746
04/07/2020,CA,0.46402752427246124
11/07/2020,CA,0.5110663299610367
18/07/2020,CA,0.4499767437652657
25/07/2020,CA,0.5712435256811569
01/08/2020,CA,0.5313389665999031
08/08/2020,CA,0.3489477478640333
15/08/2020,CA,
22/08/2020,CA,
29/08/2020,CA,
05/09/2020,CA,
12/09/2020,CA,0.0
19/09/2020,CA,0.0
26/09/2020,CA,0.0
03/10/2020,CA,0.0
04/01/2020,CO,0.0
11/01/2020,CO,0.0
18/01/2020,CO,0.0
25/01/2020,CO,0.0
01/02/2020,CO,0.0
08/02/2020,CO,0.0
15/02/2020,CO,0.0
22/02/2020,CO,4.732386201116842
29/02/2020,CO,4.525468987497676
07/03/2020,CO,4.184124834022703
14/03/2020,CO,4.2842106549182635
21/03/2020,CO,3.8431817543152222
28/03/2020,CO,2.9127568752381054
04/04/2020,CO,1.4088372594337983
11/04/2020,CO,0.6616594333154187
18/04/2020,CO,0.23101824444187827
25/04/2020,CO,0.3324866994424766
02/05/2020,CO,0.11477246095847454
09/05/2020,CO,0.10405968363563092
16/05/2020,CO,0.06305446452823699
23/05/2020,CO,0.23787533435410937
30/05/2020,CO,0.08035602090405153
06/06/2020,CO,0.006811743240452269
13/06/2020,CO,0.00022866776564338075
20/06/2020,CO,0.03948632568504189
27/06/2020,CO,0.05478645657373548
04/07/2020,CO,0.21747394127057587
11/07/2020,CO,0.38821774564481554
18/07/2020,CO,0.44162212393794054
25/07/2020,CO,0.28269368849917614
01/08/2020,CO,0.37805849090099597
08/08/2020,CO,0.13714653856227546
15/08/2020,CO,
22/08/2020,CO,
29/08/2020,CO,
05/09/2020,CO,
12/09/2020,CO,0.0
19/09/2020,CO,0.0
26/09/2020,CO,0.0
03/10/2020,CO,0.0
04/01/2020,CT,0.0
11/01/2020,CT,0.0
18/01/2020,CT,0.0
25/01/2020,CT,0.0
01/02/2020,CT,0.0
08/02/2020,CT,0.0
15/02/2020,CT,0.0
22/02/2020,CT,6.882493561238706
29/02/2020,CT,5.406108305741578
07/03/2020,CT,5.021701461274334
14/03/2020,CT,5.672875571080038
21/03/2020,CT,5.136619678776914
28/03/2020,CT,3.639940724732052
04/04/2020,CT,2.751543130188194
11/04/2020,CT,1.7450675675903973
18/04/2020,CT,0.9536917421527195
25/04/2020,CT,0.9033533184125632
02/05/2020,CT,0.825719200873993
09/05/2020,CT,0.5063657300291926
16/05/2020,CT,0.3683142858233171
23/05/2020,CT,0.5211523742125325
30/05/2020,CT,0.413324254985861
06/06/2020,CT,0.5245239534109732
13/06/2020,CT,0.2469220896153093
20/06/2020,CT,0.42954218275733563
27/06/2020,CT,0.37686974772924464
04/07/2020,CT,0.3718053935081406
11/07/2020,CT,0.6015677418661142
18/07/2020,CT,0.36851826598425963
25/07/2020,CT,0.357858179246711
01/08/2020,CT,0.22336823669753458
08/08/2020,CT,0.2439114178265197
15/08/2020,CT,
22/08/2020,CT,
29/08/2020,CT,
05/09/2020,CT,
12/09/2020,CT,0.0
19/09/2020,CT,0.0
26/09/2020,CT,0.0
03/10/2020,CT,0.0
04/01/2020,DC,0.0
11/01/2020,DC,0.0
18/01/2020,DC,0.0
25/01/2020,DC,0.0
01/02/2020,DC,0.0
08/02/2020,DC,0.0
15/02/2020,DC,0.0
22/02/2020,DC,6.801834434728572
29/02/2020,DC,4.839658968214285
07/03/2020,DC,5.129075386242857
14/03/2020,DC,5.065382007028571
21/03/2020,DC,5.029725129228571
28/03/2020,DC,2.3731561446285716
04/04/2020,DC,1.1695348825714285
11/04/2020,DC,0.9256880412285714
18/04/2020,DC,0.2389162616
25/04/2020,DC,0.12735744314285713
02/05/2020,DC,0.3933050312571429
09/05/2020,DC,0.5066924110428572
16/05/2020,DC,0.2536473349142857
23/05/2020,DC,0.35050223667142855
30/05/2020,DC,0.25101867904285713
06/06/2020,DC,0.423274027
13/06/2020,DC,0.04640658242857142
20/06/2020,DC,0.0
27/06/2020,DC,0.00898704482857143
04/07/2020,DC,0.3324276655
11/07/2020,DC,0.19208175797142854
18/07/2020,DC,0.32733759735714285
25/07/2020,DC,0.31590013235714287
01/08/2020,DC,0.21054523560000002
08/08/2020,DC,0.6752997928428572
15/08/2020,DC,
22/08/2020,DC,
29/08/2020,DC,
05/09/2020,DC,
12/09/2020,DC,0.0
19/09/2020,DC,0.0
26/09/2020,DC,0.0
03/10/2020,DC,0.0
04/01/2020,DE,0.0
11/01/2020,DE,0.0
18/01/2020,DE,0.0
25/01/2020,DE,0.0
01/02/2020,DE,0.0
08/02/2020,DE,0.0
15/02/2020,DE,0.0
22/02/2020,DE,6.658930156224569
29/02/2020,DE,5.28988760611129
07/03/2020,DE,5.168447453816405
14/03/2020,DE,5.1108215636439835
21/03/2020,DE,4.562103184084417
28/03/2020,DE,3.1678334640511334
04/04/2020,DE,1.9691415704666233
11/04/2020,DE,1.1088760955181167
18/04/2020,DE,0.7193524779750142
25/04/2020,DE,0.5404545939823562
02/05/2020,DE,0.6293481685991295
09/05/2020,DE,0.676616863008083
16/05/2020,DE,0.3479538715157388
23/05/2020,DE,0.6290946432863562
30/05/2020,DE,0.5792197474267509
06/06/2020,DE,0.3270467791676667
13/06/2020,DE,0.20794623365531859
20/06/2020,DE,0.038386927753301506
27/06/2020,DE,0.044786088229177685
04/07/2020,DE,0.11972584657673732
11/07/2020,DE,0.21200188604043427
18/07/2020,DE,0.40085471993980565
25/07/2020,DE,0.379603048906571
01/08/2020,DE,0.20146405528685632
08/08/2020,DE,0.39497782699965944
15/08/2020,DE,
22/08/2020,DE,
29/08/2020,DE,
05/09/2020,DE,
12/09/2020,DE,0.0
19/09/2020,DE,0.0
26/09/2020,DE,0.0
03/10/2020,DE,0.0
04/01/2020,FL,0.0
11/01/2020,FL,0.0
18/01/2020,FL,0.0
25/01/2020,FL,0.0
01/02/2020,FL,0.0
08/02/2020,FL,0.0
15/02/2020,FL,0.0
22/02/2020,FL,4.266275995704873
29/02/2020,FL,3.489090243023466
07/03/2020,FL,3.7308312805713313
14/03/2020,FL,4.6803513803212935
21/03/2020,FL,6.358323955057385
28/03/2020,FL,3.5492076437819526
04/04/2020,FL,1.7261748457637929
11/04/2020,FL,1.187094180590623
18/04/2020,FL,0.6881132881102312
25/04/2020,FL,0.4497913495772311
02/05/2020,FL,0.4258412607941176
09/05/2020,FL,0.30921919408124743
16/05/2020,FL,0.29251435167707346
23/05/2020,FL,0.4601826912769587
30/05/2020,FL,0.4665814195102658
06/06/2020,FL,0.6905090645185152
13/06/2020,FL,0.7870366427568899
20/06/2020,FL,0.4874393711092132
27/06/2020,FL,0.5162878714674167
04/07/2020,FL,0.7775006604330537
11/07/2020,FL,0.7531708794574965
18/07/2020,FL,0.6255304137453708
25/07/2020,FL,0.6433758305550141
01/08/2020,FL,0.4740046898090748
08/08/2020,FL,0.477941109101857
15/08/2020,FL,
22/08/2020,FL,
29/08/2020,FL,
05/09/2020,FL,
12/09/2020,FL,0.0
19/09/2020,FL,0.0
26/09/2020,FL,0.0
03/10/2020,FL,0.0
04/01/2020,GA,0.0
11/01/2020,GA,0.0
18/01/2020,GA,0.0
25/01/2020,GA,0.0
01/02/2020,GA,0.0
08/02/2020,GA,0.0
15/02/2020,GA,0.0
22/02/2020,GA,4.955055000949977
29/02/2020,GA,3.596124441970739
07/03/2020,GA,3.306879520613087
14/03/2020,GA,4.571658639768525
21/03/2020,GA,4.768977329944091
28/03/2020,GA,2.9416795321102756
04/04/2020,GA,1.4036126797517898
11/04/2020,GA,0.8598588507743549
18/04/2020,GA,0.43932363286075216
25/04/2020,GA,0.30998202313351964
02/05/2020,GA,0.34117923234098724
09/05/2020,GA,0.22616144246793696
16/05/2020,GA,0.11553704335580854
23/05/2020,GA,0.15246237923252948
30/05/2020,GA,0.2845226429327181
06/06/2020,GA,0.27591309178089146
13/06/2020,GA,0.19968030859279107
20/06/2020,GA,0.2798417107965123
27/06/2020,GA,0.18264406534322797
04/07/2020,GA,0.1927500684757202
11/07/2020,GA,0.5892031293555434
18/07/2020,GA,0.7406372941314697
25/07/2020,GA,0.2892424708966146
01/08/2020,GA,0.16081471747818793
08/08/2020,GA,0.5065936176375962
15/08/2020,GA,
22/08/2020,GA,
29/08/2020,GA,
05/09/2020,GA,
12/09/2020,GA,0.0
19/09/2020,GA,0.0
26/09/2020,GA,0.0
03/10/2020,GA,0.0
04/01/2020,IA,0.0
11/01/2020,IA,0.0
18/01/2020,IA,0.0
25/01/2020,IA,0.0
01/02/2020,IA,0.0
08/02/2020,IA,0.0
15/02/2020,IA,0.0
22/02/2020,IA,9.707957455982799
29/02/2020,IA,7.6204565741352
07/03/2020,IA,6.338663339692745
14/03/2020,IA,5.024830926049054
21/03/2020,IA,4.550426187707685
28/03/2020,IA,2.712175498235309
04/04/2020,IA,0.9702226165680018
11/04/2020,IA,0.30716776706298743
18/04/2020,IA,0.13800901031925153
25/04/2020,IA,0.13373635712412293
02/05/2020,IA,0.07220802345824294
09/05/2020,IA,0.08242149442088798
16/05/2020,IA,0.296098834013292
23/05/2020,IA,0.06865682218119928
30/05/2020,IA,0.018856468062491662
06/06/2020,IA,0.016703885534970674
13/06/2020,IA,0.08303083407710501
20/06/2020,IA,0.06008696003525021
27/06/2020,IA,0.17598154666933424
04/07/2020,IA,0.05250374778544158
11/07/2020,IA,0.2672504587058709
18/07/2020,IA,0.30924905030477684
25/07/2020,IA,0.23100085819279007
01/08/2020,IA,0.3034976765009341
08/08/2020,IA,0.16392332476455374
15/08/2020,IA,
22/08/2020,IA,
29/08/2020,IA,
05/09/2020,IA,
12/09/2020,IA,0.0
19/09/2020,IA,0.0
26/09/2020,IA,0.0
03/10/2020,IA,0.0
04/01/2020,ID,0.0
11/01/2020,ID,0.0
18/01/2020,ID,0.0
25/01/2020,ID,0.0
01/02/2020,ID,0.0
08/02/2020,ID,0.0
15/02/2020,ID,0.0
22/02/2020,ID,5.952424136440137
29/02/2020,ID,5.133631605106425
07/03/2020,ID,4.94715990157316
14/03/2020,ID,4.559981642711004
21/03/2020,ID,4.570768321171638
28/03/2020,ID,2.529606685598951
04/04/2020,ID,1.0089102068984348
11/04/2020,ID,0.7329714016561654
18/04/2020,ID,0.6419215736480788
25/04/2020,ID,0.614156330968514
02/05/2020,ID,0.08675960648760996
09/05/2020,ID,0.11922496634337555
16/05/2020,ID,0.21095133997632382
23/05/2020,ID,0.1538028213019439
30/05/2020,ID,0.04452653590830514
06/06/2020,ID,0.0852876477716916
13/06/2020,ID,0.12764202989059117
20/06/2020,ID,0.24057625949799946
27/06/2020,ID,0.11268709243040016
04/07/2020,ID,0.20187000912019795
11/07/2020,ID,0.38579553632163516
18/07/2020,ID,0.3128202692117113
25/07/2020,ID,0.30386750307003196
01/08/2020,ID,0.5144869712137635
08/08/2020,ID,0.35742407289362904
15/08/2020,ID,
22/08/2020,ID,
29/08/2020,ID,
05/09/2020,ID,
12/09/2020,ID,0.0
19/09/2020,ID,0.0
26/09/2020,ID,0.0
03/10/2020,ID,0.0
04/01/2020,IL,0.0
11/01/2020,IL,0.0
18/01/2020,IL,0.0
25/01/2020,IL,0.0
01/02/2020,IL,0.0
08/02/2020,IL,0.0
15/02/2020,IL,0.0
22/02/2020,IL,7.944899571955941
29/02/2020,IL,6.900050021014654
07/03/2020,IL,5.616199577807445
14/03/2020,IL,5.35800571758618
21/03/2020,IL,5.004087110863
28/03/2020,IL,3.161193919245437
04/04/2020,IL,1.361423546183109
11/04/2020,IL,0.7410953850249129
18/04/2020,IL,0.5064956940046653
25/04/2020,IL,0.5266104784709396
02/05/2020,IL,0.2791386202207162
09/05/2020,IL,0.20341163164683662
16/05/2020,IL,0.32390221286149434
23/05/2020,IL,0.12919739939396344
30/05/2020,IL,0.11736448861892079
06/06/2020,IL,0.058088514024541474
13/06/2020,IL,0.18904968659729637
20/06/2020,IL,0.031253035513813164
27/06/2020,IL,0.23682021140267298
04/07/2020,IL,0.13864167198636465
11/07/2020,IL,0.05943917884060021
18/07/2020,IL,0.2853746652318833
25/07/2020,IL,0.4393906997633476
01/08/2020,IL,0.43592676534965935
08/08/2020,IL,0.32062166592795877
15/08/2020,IL,
22/08/2020,IL,
29/08/2020,IL,
05/09/2020,IL,
12/09/2020,IL,0.0
19/09/2020,IL,0.0
26/09/2020,IL,0.0
03/10/2020,IL,0.0
04/01/2020,IN,0.0
11/01/2020,IN,0.0
18/01/2020,IN,0.0
25/01/2020,IN,0.0
01/02/2020,IN,0.0
08/02/2020,IN,0.0
15/02/2020,IN,0.0
22/02/2020,IN,6.348726450065812
29/02/2020,IN,5.681040318089104
07/03/2020,IN,5.499443717334736
14/03/2020,IN,5.535405583365354
21/03/2020,IN,5.414431451432891
28/03/2020,IN,2.4231618422078833
04/04/2020,IN,1.1780415337980736
11/04/2020,IN,0.9301604154723581
18/04/2020,IN,0.5330677794702625
25/04/2020,IN,0.9536723244528531
02/05/2020,IN,0.5478672064993889
09/05/2020,IN,0.27418900961571163
16/05/2020,IN,0.16389035255575277
23/05/2020,IN,0.22574810500232473
30/05/2020,IN,0.17814932189559002
06/06/2020,IN,0.026618468681066456
13/06/2020,IN,0.01830388450864017
20/06/2020,IN,0.02603532181249065
27/06/2020,IN,0.17553609680218363
04/07/2020,IN,0.387514264818942
11/07/2020,IN,0.11891605756167299
18/07/2020,IN,0.4142846445844459
25/07/2020,IN,0.433954017872427
01/08/2020,IN,0.7062145666892452
08/08/2020,IN,0.36209255371150034
15/08/2020,IN,
22/08/2020,IN,
29/08/2020,IN,
05/09/2020,IN,
12/09/2020,IN,0.0
19/09/2020,IN,0.0
26/09/2020,IN,0.0
03/10/2020,IN,0.0
04/01/2020,KS,0.0
11/01/2020,KS,0.0
18/01/2020,KS,0.0
25/01/2020,KS,0.0
01/02/2020,KS,0.0
08/02/2020,KS,0.0
15/02/2020,KS,0.0
22/02/2020,KS,8.818464792261546
29/02/2020,KS,7.353691168528677
07/03/2020,KS,6.879258485246048
14/03/2020,KS,5.196275147554348
21/03/2020,KS,4.279614976267248
28/03/2020,KS,2.0916119025682245
04/04/2020,KS,0.9774586604984724
11/04/2020,KS,0.5003408688223356
18/04/2020,KS,0.40039410257673536
25/04/2020,KS,0.3644083578615791
02/05/2020,KS,0.0649269179650657
09/05/2020,KS,0.07605501044110935
16/05/2020,KS,0.0446154777575413
23/05/2020,KS,0.1162640740025531
30/05/2020,KS,0.15582788939338257
06/06/2020,KS,0.02934592543281056
13/06/2020,KS,0.12169589741809289
20/06/2020,KS,0.2095556252377308
27/06/2020,KS,0.11732872924354928
04/07/2020,KS,0.061372531403920225
11/07/2020,KS,0.4373683562088223
18/07/2020,KS,0.36215616629617237
25/07/2020,KS,0.40099213988191523
01/08/2020,KS,0.23632301344916146
08/08/2020,KS,0.17450816759259904
15/08/2020,KS,
22/08/2020,KS,
29/08/2020,KS,
05/09/2020,KS,
12/09/2020,KS,0.0
19/09/2020,KS,0.0
26/09/2020,KS,0.0
03/10/2020,KS,0.0
04/01/2020,KY,0.0
11/01/2020,KY,0.0
18/01/2020,KY,0.0
25/01/2020,KY,0.0
01/02/2020,KY,0.0
08/02/2020,KY,0.0
15/02/2020,KY,0.0
22/02/2020,KY,5.81943929778889
29/02/2020,KY,5.664299679958036
07/03/2020,KY,6.087657886513579
14/03/2020,KY,5.4593226224498945
21/03/2020,KY,5.616224140007563
28/03/2020,KY,2.6511039758569717
04/04/2020,KY,1.464318177710843
11/04/2020,KY,1.2177908750354391
18/04/2020,KY,0.6235631616737123
25/04/2020,KY,0.5320570042422645
02/05/2020,KY,0.43329548754326114
09/05/2020,KY,0.08944193536440646
16/05/2020,KY,0.11056837760234006
23/05/2020,KY,0.29125083514954087
30/05/2020,KY,0.26844876147344326
06/06/2020,KY,0.08838183889305083
13/06/2020,KY,0.048173226343488064
20/06/2020,KY,0.08841353364699034
27/06/2020,KY,0.035486362178073674
04/07/2020,KY,0.13547518943122216
11/07/2020,KY,0.27382645647208737
18/07/2020,KY,0.5586376039635567
25/07/2020,KY,0.2857833595200305
01/08/2020,KY,0.3134416730008562
08/08/2020,KY,0.29321013367343357
15/08/2020,KY,
22/08/2020,KY,
29/08/2020,KY,
05/09/2020,KY,
12/09/2020,KY,0.0
19/09/2020,KY,0.0
26/09/2020,KY,0.0
03/10/2020,KY,0.0
04/01/2020,LA,0.0
11/01/2020,LA,0.0
18/01/2020,LA,0.0
25/01/2020,LA,0.0
01/02/2020,LA,0.0
08/02/2020,LA,0.0
15/02/2020,LA,0.0
22/02/2020,LA,5.791794838320028
29/02/2020,LA,5.301762897773989
07/03/2020,LA,6.027353507427344
14/03/2020,LA,5.246506567473544
21/03/2020,LA,4.66113597410603
28/03/2020,LA,3.6100573835590524
04/04/2020,LA,1.7638801774098471
11/04/2020,LA,0.933614795690478
18/04/2020,LA,0.7144311382285158
25/04/2020,LA,0.4033192445766338
02/05/2020,LA,0.12817688074530673
09/05/2020,LA,0.14141157262824258
16/05/2020,LA,0.21019899240484527
23/05/2020,LA,0.45213093086802125
30/05/2020,LA,0.2860431717411521
06/06/2020,LA,0.31421082911551984
13/06/2020,LA,0.617011475561892
20/06/2020,LA,0.45622282195590463
27/06/2020,LA,0.3785542211317009
04/07/2020,LA,0.6131709325667395
11/07/2020,LA,1.0017960893400704
18/07/2020,LA,0.9656796259258096
25/07/2020,LA,0.9691505307493499
01/08/2020,LA,0.34810407441476515
08/08/2020,LA,0.19290175656484065
15/08/2020,LA,
22/08/2020,LA,
29/08/2020,LA,
05/09/2020,LA,
12/09/2020,LA,0.0
19/09/2020,LA,0.0
26/09/2020,LA,0.0
03/10/2020,LA,0.0
04/01/2020,MA,0.0
11/01/2020,MA,0.0
18/01/2020,MA,0.0
25/01/2020,MA,0.0
01/02/2020,MA,0.0
08/02/2020,MA,0.0
15/02/2020,MA,0.0
22/02/2020,MA,7.93121482357549
29/02/2020,MA,5.402913504206476
07/03/2020,MA,4.908833438402392
14/03/2020,MA,5.655415951747734
21/03/2020,MA,4.705879906267756
28/03/2020,MA,2.526446527780321
04/04/2020,MA,1.6962956560558617
11/04/2020,MA,1.1951285217828909
18/04/2020,MA,0.461120155470622
25/04/2020,MA,0.5254111258273394
02/05/2020,MA,0.5295498310380402
09/05/2020,MA,0.45694914195594394
16/05/2020,MA,0.17293876732611876
23/05/2020,MA,0.36940181107436365
30/05/2020,MA,0.15205020411857556
06/06/2020,MA,0.4331716457726262
13/06/2020,MA,0.2308918699636821
20/06/2020,MA,0.3913460729683482
27/06/2020,MA,0.30871685834797225
04/07/2020,MA,0.30782557388507104
11/07/2020,MA,0.5777033483671151
18/07/2020,MA,0.6280900001165962
25/07/2020,MA,0.47736243032246817
01/08/2020,MA,0.31791382707214033
08/08/2020,MA,0.22803182070428832
15/08/2020,MA,
22/08/2020,MA,
29/08/2020,MA,
05/09/2020,MA,
12/09/2020,MA,0.0
19/09/2020,MA,0.0
26/09/2020,MA,0.0
03/10/2020,MA,0.0
04/01/2020,MD,0.0
11/01/2020,MD,0.0
18/01/2020,MD,0.0
25/01/2020,MD,0.0
01/02/2020,MD,0.0
08/02/2020,MD,0.0
15/02/2020,MD,0.0
22/02/2020,MD,6.748307870334105
29/02/2020,MD,4.961234458332763
07/03/2020,MD,4.915557728909021
14/03/2020,MD,4.85301184959652
21/03/2020,MD,4.578355988556207
28/03/2020,MD,2.4668857822671555
04/04/2020,MD,1.3289262109359892
11/04/2020,MD,0.9327689775905921
18/04/2020,MD,0.2684214936418031
25/04/2020,MD,0.2745241965620153
02/05/2020,MD,0.5175265312300348
09/05/2020,MD,0.6135303839287563
16/05/2020,MD,0.31073377019480475
23/05/2020,MD,0.45357900904554344
30/05/2020,MD,0.3560635057911871
06/06/2020,MD,0.47888635437944205
13/06/2020,MD,0.1379079677237895
20/06/2020,MD,0.016541033915617665
27/06/2020,MD,0.11834066508436622
04/07/2020,MD,0.26343086200319954
11/07/2020,MD,0.23814287068856058
18/07/2020,MD,0.45524247121255934
25/07/2020,MD,0.41906222420521416
01/08/2020,MD,0.3125000934292279
08/08/2020,MD,0.5704768694657074
15/08/2020,MD,
22/08/2020,MD,
29/08/2020,MD,
05/09/2020,MD,
12/09/2020,MD,0.0
19/09/2020,MD,0.0
26/09/2020,MD,0.0
03/10/2020,MD,0.0
04/01/2020,ME,0.0
11/01/2020,ME,0.0
18/01/2020,ME,0.0
25/01/2020,ME,0.0
01/02/2020,ME,0.0
08/02/2020,ME,0.0
15/02/2020,ME,0.0
22/02/2020,ME,8.309764769043822
29/02/2020,ME,5.344784377013328
07/03/2020,ME,4.828171877804019
14/03/2020,ME,5.45326179649305
21/03/2020,ME,4.492163218279009
28/03/2020,ME,2.169680266726748
04/04/2020,ME,1.5376699449890772
11/04/2020,ME,0.9431256935408033
18/04/2020,ME,0.25198703193348104
25/04/2020,ME,0.30423560517806203
02/05/2020,ME,0.24365457580725156
09/05/2020,ME,0.3147162191954823
16/05/2020,ME,0.019463938949078986
23/05/2020,ME,0.22854248604425165
30/05/2020,ME,0.016343993319900166
06/06/2020,ME,0.15640210101470559
13/06/2020,ME,0.21047477077228713
20/06/2020,ME,0.2673193954786592
27/06/2020,ME,0.24691137784287426
04/07/2020,ME,0.2345682397863266
11/07/2020,ME,0.888620201976398
18/07/2020,ME,1.0487352938466281
25/07/2020,ME,0.368946153701978
01/08/2020,ME,0.20330858886001432
08/08/2020,ME,0.2128700571148364
15/08/2020,ME,
22/08/2020,ME,
29/08/2020,ME,
05/09/2020,ME,
12/09/2020,ME,0.0
19/09/2020,ME,0.0
26/09/2020,ME,0.0
03/10/2020,ME,0.0
04/01/2020,MI,0.0
11/01/2020,MI,0.0
18/01/2020,MI,0.0
25/01/2020,MI,0.0
01/02/2020,MI,0.0
08/02/2020,MI,0.0
15/02/2020,MI,0.0
22/02/2020,MI,6.762284011965743
29/02/2020,MI,5.803993066672777
07/03/2020,MI,4.688692898462497
14/03/2020,MI,5.45720609096341
21/03/2020,MI,5.6003509108271565
28/03/2020,MI,3.7221777405504377
04/04/2020,MI,1.4762771918319164
11/04/2020,MI,0.6917173759453211
18/04/2020,MI,0.5430645136705045
25/04/2020,MI,0.17720403329422685
02/05/2020,MI,0.27846974635025795
09/05/2020,MI,0.13975905314931392
16/05/2020,MI,0.058148827471352846
23/05/2020,MI,0.03581022183726172
30/05/2020,MI,0.19553938388583858
06/06/2020,MI,0.026048282297802858
13/06/2020,MI,0.11496322709559896
20/06/2020,MI,0.008134626232824398
27/06/2020,MI,0.09108997981088565
04/07/2020,MI,0.07038133785972556
11/07/2020,MI,0.04793528565304369
18/07/2020,MI,0.22729516609861508
25/07/2020,MI,0.24073681188059018
01/08/2020,MI,0.1791884139243903
08/08/2020,MI,0.17595409840136442
15/08/2020,MI,
22/08/2020,MI,
29/08/2020,MI,
05/09/2020,MI,
12/09/2020,MI,0.0
19/09/2020,MI,0.0
26/09/2020,MI,0.0
03/10/2020,MI,0.0
04/01/2020,MN,0.0
11/01/2020,MN,0.0
18/01/2020,MN,0.0
25/01/2020,MN,0.0
01/02/2020,MN,0.0
08/02/2020,MN,0.0
15/02/2020,MN,0.0
22/02/2020,MN,10.486932429709851
29/02/2020,MN,7.519541866996337
07/03/2020,MN,5.453858607363051
14/03/2020,MN,4.259455899488748
21/03/2020,MN,4.174878634535101
28/03/2020,MN,2.676554116850691
04/04/2020,MN,0.9773260481891404
11/04/2020,MN,0.512213496057615
18/04/2020,MN,0.09659270841637832
25/04/2020,MN,0.0032087320787577657
02/05/2020,MN,0.062437539166582005
09/05/2020,MN,0.29534462815485885
16/05/2020,MN,0.2633926797269147
23/05/2020,MN,0.22878007982836635
30/05/2020,MN,0.03711480533312447
06/06/2020,MN,0.0844824883639712
13/06/2020,MN,0.16293560710163332
20/06/2020,MN,0.07438711551267425
27/06/2020,MN,0.0007687505809909786
04/07/2020,MN,0.12347180631676992
11/07/2020,MN,0.29910393888057424
18/07/2020,MN,0.4235992854049285
25/07/2020,MN,0.47712380477960104
01/08/2020,MN,0.4699002299780494
08/08/2020,MN,0.4394360557847926
15/08/2020,MN,
22/08/2020,MN,
29/08/2020,MN,
05/09/2020,MN,
12/09/2020,MN,0.0
19/09/2020,MN,0.0
26/09/2020,MN,0.0
03/10/2020,MN,0.0
04/01/2020,MO,0.0
11/01/2020,MO,0.0
18/01/2020,MO,0.0
25/01/2020,MO,0.0
01/02/2020,MO,0.0
08/02/2020,MO,0.0
15/02/2020,MO,0.0
22/02/2020,MO,10.095561356968911
29/02/2020,MO,8.997403963597872
07/03/2020,MO,7.889492201940781
14/03/2020,MO,5.914228089516756
21/03/2020,MO,5.057076383665358
28/03/2020,MO,2.842045568443361
04/04/2020,MO,1.2164517449166348
11/04/2020,MO,0.6311015271554667
18/04/2020,MO,0.3074821316059341
25/04/2020,MO,0.44645630450603385
02/05/2020,MO,0.16326213356927935
09/05/2020,MO,0.18497441937669368
16/05/2020,MO,0.10716608499932513
23/05/2020,MO,0.24747221922337032
30/05/2020,MO,0.14542863768301761
06/06/2020,MO,0.08587948289112489
13/06/2020,MO,0.2255678048774605
20/06/2020,MO,0.19765026189610982
27/06/2020,MO,0.30105872412142815
04/07/2020,MO,0.0661238814454365
11/07/2020,MO,0.5655456718068491
18/07/2020,MO,0.42317196134358426
25/07/2020,MO,0.3076728336487737
01/08/2020,MO,0.1883422712787747
08/08/2020,MO,0.22585366736984644
15/08/2020,MO,
22/08/2020,MO,
29/08/2020,MO,
05/09/2020,MO,
12/09/2020,MO,0.0
19/09/2020,MO,0.0
26/09/2020,MO,0.0
03/10/2020,MO,0.0
04/01/2020,MS,0.0
11/01/2020,MS,0.0
18/01/2020,MS,0.0
25/01/2020,MS,0.0
01/02/2020,MS,0.0
08/02/2020,MS,0.0
15/02/2020,MS,0.0
22/02/2020,MS,6.560425217628511
29/02/2020,MS,5.762982624922488
07/03/2020,MS,5.975111190242953
14/03/2020,MS,5.07746042342891
21/03/2020,MS,4.64859949930463
28/03/2020,MS,3.234279090010813
04/04/2020,MS,1.7334738213042624
11/04/2020,MS,1.0438061834952863
18/04/2020,MS,0.6666500150067728
25/04/2020,MS,0.29375929988119875
02/05/2020,MS,0.15978196134938305
09/05/2020,MS,0.22890125018416904
16/05/2020,MS,0.15361514561504583
23/05/2020,MS,0.6192569171559035
30/05/2020,MS,0.14335535606273186
06/06/2020,MS,0.3723586506381407
13/06/2020,MS,0.581745089391366
20/06/2020,MS,0.4649262916442826
27/06/2020,MS,0.5016255276649803
04/07/2020,MS,0.5778270874888678
11/07/2020,MS,1.0256344843073764
18/07/2020,MS,0.8630672649051631
25/07/2020,MS,0.82990903670666
01/08/2020,MS,0.6625264853842735
08/08/2020,MS,0.4755519378408333
15/08/2020,MS,
22/08/2020,MS,
29/08/2020,MS,
05/09/2020,MS,
12/09/2020,MS,0.0
19/09/2020,MS,0.0
26/09/2020,MS,0.0
03/10/2020,MS,0.0
04/01/2020,MT,0.0
11/01/2020,MT,0.0
18/01/2020,MT,0.0
25/01/2020,MT,0.0
01/02/2020,MT,0.0
08/02/2020,MT,0.0
15/02/2020,MT,0.0
22/02/2020,MT,5.621087430447376
29/02/2020,MT,4.9640778279346085
07/03/2020,MT,4.822262530422767
14/03/2020,MT,4.152217629416406
21/03/2020,MT,4.507216885247058
28/03/2020,MT,2.8590355151787152
04/04/2020,MT,1.2448263377191446
11/04/2020,MT,0.7808285324336897
18/04/2020,MT,0.43585663045178713
25/04/2020,MT,0.26806592763885745
02/05/2020,MT,0.057213053720668296
09/05/2020,MT,0.027114073012481272
16/05/2020,MT,0.1554317389332276
23/05/2020,MT,0.11311316085598395
30/05/2020,MT,0.0013833010343869089
06/06/2020,MT,0.014369996985529801
13/06/2020,MT,0.026247072094970333
20/06/2020,MT,0.32674090012129386
27/06/2020,MT,0.1228725536062384
04/07/2020,MT,0.17405039205377273
11/07/2020,MT,0.39149173298932405
18/07/2020,MT,0.33521710536515126
25/07/2020,MT,0.341605139536774
01/08/2020,MT,0.5415284556437153
08/08/2020,MT,0.28484799307905956
15/08/2020,MT,
22/08/2020,MT,
29/08/2020,MT,
05/09/2020,MT,
12/09/2020,MT,0.0
19/09/2020,MT,0.0
26/09/2020,MT,0.0
03/10/2020,MT,0.0
04/01/2020,NC,0.0
11/01/2020,NC,0.0
18/01/2020,NC,0.0
25/01/2020,NC,0.0
01/02/2020,NC,0.0
08/02/2020,NC,0.0
15/02/2020,NC,0.0
22/02/2020,NC,7.055780724774789
29/02/2020,NC,5.539665089851866
07/03/2020,NC,5.111156354659303
14/03/2020,NC,5.410002304032529
21/03/2020,NC,5.32502876507702
28/03/2020,NC,2.973402519635731
04/04/2020,NC,1.3658594477030097
11/04/2020,NC,0.8997441863411102
18/04/2020,NC,0.3976849231423589
25/04/2020,NC,0.43507484518335776
02/05/2020,NC,0.4571337902169415
09/05/2020,NC,0.12345180002676734
16/05/2020,NC,0.24249468606027938
23/05/2020,NC,0.37984525751367126
30/05/2020,NC,0.5561684665874901
06/06/2020,NC,0.13170214443224043
13/06/2020,NC,0.21170589405297516
20/06/2020,NC,0.2445746266908708
27/06/2020,NC,0.37084865666868305
04/07/2020,NC,0.3610131672488389
11/07/2020,NC,0.6343220854119289
18/07/2020,NC,0.4698643206490699
25/07/2020,NC,0.6466762282241211
01/08/2020,NC,0.3960064912667092
08/08/2020,NC,0.5887745636712306
15/08/2020,NC,
22/08/2020,NC,
29/08/2020,NC,
05/09/2020,NC,
12/09/2020,NC,0.0
19/09/2020,NC,0.0
26/09/2020,NC,0.0
03/10/2020,NC,0.0
04/01/2020,ND,0.0
11/01/2020,ND,0.0
18/01/2020,ND,0.0
25/01/2020,ND,0.0
01/02/2020,ND,0.0
08/02/2020,ND,0.0
15/02/2020,ND,0.0
22/02/2020,ND,7.7670872582360975
29/02/2020,ND,6.427502738473338
07/03/2020,ND,4.859928068546349
14/03/2020,ND,3.941154314408364
21/03/2020,ND,4.465195092915698
28/03/2020,ND,2.631844877801645
04/04/2020,ND,1.3999021102262865
11/04/2020,ND,0.6153960573945095
18/04/2020,ND,0.08214560935950026
25/04/2020,ND,0.018051075594710343
02/05/2020,ND,0.10843722903683226
09/05/2020,ND,0.2470218411182937
16/05/2020,ND,0.3043527659788495
23/05/2020,ND,0.4554816823410424
30/05/2020,ND,0.08029247855870203
06/06/2020,ND,0.027968833139617597
13/06/2020,ND,0.09955219067769538
20/06/2020,ND,0.030474912225690345
27/06/2020,ND,0.00019851131816890044
04/07/2020,ND,0.16898218850122398
11/07/2020,ND,0.25163499956918955
18/07/2020,ND,0.3629787047919492
25/07/2020,ND,0.7787236161779197
01/08/2020,ND,0.3400398219993233
08/08/2020,ND,0.30004996937649847
15/08/2020,ND,
22/08/2020,ND,
29/08/2020,ND,
05/09/2020,ND,
12/09/2020,ND,0.0
19/09/2020,ND,0.0
26/09/2020,ND,0.0
03/10/2020,ND,0.0
04/01/2020,NE,0.0
11/01/2020,NE,0.0
18/01/2020,NE,0.0
25/01/2020,NE,0.0
01/02/2020,NE,0.0
08/02/2020,NE,0.0
15/02/2020,NE,0.0
22/02/2020,NE,7.336192578650673
29/02/2020,NE,6.487159667047767
07/03/2020,NE,6.062068787065711
14/03/2020,NE,4.554096883810023
21/03/2020,NE,4.227764106150929
28/03/2020,NE,2.3487878351497424
04/04/2020,NE,0.9493679365535789
11/04/2020,NE,0.2935806749340542
18/04/2020,NE,0.21678876442110911
25/04/2020,NE,0.15200668922615287
02/05/2020,NE,0.011438375463430345
09/05/2020,NE,0.028401103588163345
16/05/2020,NE,0.16063805796893824
23/05/2020,NE,0.121704304721991
30/05/2020,NE,0.0475684055625643
06/06/2020,NE,8.909144854021783e-05
13/06/2020,NE,0.01433541270157267
20/06/2020,NE,0.02716534472091033
27/06/2020,NE,0.022773411643263356
04/07/2020,NE,0.12330407585661865
11/07/2020,NE,0.4376957295888701
18/07/2020,NE,0.29793948850084123
25/07/2020,NE,0.3056571864328853
01/08/2020,NE,0.10230563264173084
08/08/2020,NE,0.09107458520650943
15/08/2020,NE,
22/08/2020,NE,
29/08/2020,NE,
05/09/2020,NE,
12/09/2020,NE,0.0
19/09/2020,NE,0.0
26/09/2020,NE,0.0
03/10/2020,NE,0.0
04/01/2020,NH,0.0
11/01/2020,NH,0.0
18/01/2020,NH,0.0
25/01/2020,NH,0.0
01/02/2020,NH,0.0
08/02/2020,NH,0.0
15/02/2020,NH,0.0
22/02/2020,NH,8.15851900759205
29/02/2020,NH,5.260275526277374
07/03/2020,NH,4.835202644257893
14/03/2020,NH,5.44737037345862
21/03/2020,NH,4.501416529649834
28/03/2020,NH,2.256502338391581
04/04/2020,NH,1.5012367986365216
11/04/2020,NH,1.0128206435600193
18/04/2020,NH,0.30055346501190994
25/04/2020,NH,0.39526000706919806
02/05/2020,NH,0.3905671518628822
09/05/2020,NH,0.45551072864322517
16/05/2020,NH,0.10104902366551313
23/05/2020,NH,0.27358740920863284
30/05/2020,NH,0.09115281556686677
06/06/2020,NH,0.35379467225980304
13/06/2020,NH,0.2278732444144075
20/06/2020,NH,0.33785140492230936
27/06/2020,NH,0.23021511671404718
04/07/2020,NH,0.2753629188620803
11/07/2020,NH,0.7602702363490732
18/07/2020,NH,0.7876384191528336
25/07/2020,NH,0.3988255654858206
01/08/2020,NH,0.28903350751414214
08/08/2020,NH,0.30567014297787115
15/08/2020,NH,
22/08/2020,NH,
29/08/2020,NH,
05/09/2020,NH,
12/09/2020,NH,0.0
19/09/2020,NH,0.0
26/09/2020,NH,0.0
03/10/2020,NH,0.0
04/01/2020,NJ,0.0
11/01/2020,NJ,0.0
18/01/2020,NJ,0.0
25/01/2020,NJ,0.0
01/02/2020,NJ,0.0
08/02/2020,NJ,0.0
15/02/2020,NJ,0.0
22/02/2020,NJ,6.13406056010718
29/02/2020,NJ,5.315341227055947
07/03/2020,NJ,5.073724964163895
14/03/2020,NJ,5.699472596811441
21/03/2020,NJ,5.777898129672524
28/03/2020,NJ,4.393269000472375
04/04/2020,NJ,3.258369719150491
11/04/2020,NJ,1.907544500149851
18/04/2020,NJ,1.268664163957862
25/04/2020,NJ,0.8652134280406408
02/05/2020,NJ,0.7485344637787245
09/05/2020,NJ,0.5390248029407559
16/05/2020,NJ,0.30148999444209246
23/05/2020,NJ,0.454416934467808
30/05/2020,NJ,0.7072410442160824
06/06/2020,NJ,0.47992100826753176
13/06/2020,NJ,0.32482867942651306
20/06/2020,NJ,0.24733385438959304
27/06/2020,NJ,0.17714921279153356
04/07/2020,NJ,0.1527449996106846
11/07/2020,NJ,0.3067487331550587
18/07/2020,NJ,0.5672413565001684
25/07/2020,NJ,0.3320132784548034
01/08/2020,NJ,0.20472583191726054
08/08/2020,NJ,0.3076569386517738
15/08/2020,NJ,
22/08/2020,NJ,
29/08/2020,NJ,
05/09/2020,NJ,
12/09/2020,NJ,0.0
19/09/2020,NJ,0.0
26/09/2020,NJ,0.0
03/10/2020,NJ,0.0
04/01/2020,NM,0.0
11/01/2020,NM,0.0
18/01/2020,NM,0.0
25/01/2020,NM,0.0
01/02/2020,NM,0.0
08/02/2020,NM,0.0
15/02/2020,NM,0.0
22/02/2020,NM,4.4434015088250245
29/02/2020,NM,3.914298107043787
07/03/2020,NM,3.5243842736040443
14/03/2020,NM,3.8348353113178204
21/03/2020,NM,3.270222546507414
28/03/2020,NM,2.6211938208663463
04/04/2020,NM,1.1917393823383096
11/04/2020,NM,0.7456753299356061
18/04/2020,NM,0.3054426988635867
25/04/2020,NM,0.4663058703250328
02/05/2020,NM,0.30136155498552003
09/05/2020,NM,0.20333784058437646
16/05/2020,NM,0.002276145723710687
23/05/2020,NM,0.05239883119053232
30/05/2020,NM,0.14430179978666377
06/06/2020,NM,0.04704334297633162
13/06/2020,NM,0.03944452153166623
20/06/2020,NM,0.05710313248860927
27/06/2020,NM,0.25107012910504506
04/07/2020,NM,0.15662274717566899
11/07/2020,NM,0.25064861357657
18/07/2020,NM,0.3260220910004479
25/07/2020,NM,0.22527166287782857
01/08/2020,NM,0.5006227265205179
08/08/2020,NM,0.25255742732830017
15/08/2020,NM,
22/08/2020,NM,
29/08/2020,NM,
05/09/2020,NM,
12/09/2020,NM,0.0
19/09/2020,NM,0.0
26/09/2020,NM,0.0
03/10/2020,NM,0.0
04/01/2020,NV,0.0
11/01/2020,NV,0.0
18/01/2020,NV,0.0
25/01/2020,NV,0.0
01/02/2020,NV,0.0
08/02/2020,NV,0.0
15/02/2020,NV,0.0
22/02/2020,NV,6.497107317391625
29/02/2020,NV,5.576200143347389
07/03/2020,NV,4.511083007704315
14/03/2020,NV,4.76579267846086
21/03/2020,NV,4.370716882800669
28/03/2020,NV,1.9215087114139446
04/04/2020,NV,0.9537176975511338
11/04/2020,NV,0.8552676872541822
18/04/2020,NV,0.7579213512590119
25/04/2020,NV,0.5903002292828361
02/05/2020,NV,0.40358073163041136
09/05/2020,NV,0.5214373261219752
16/05/2020,NV,0.14743167170934068
23/05/2020,NV,0.470242812987128
30/05/2020,NV,0.39927585683190703
06/06/2020,NV,0.45915838088892025
13/06/2020,NV,0.6029196628743905
20/06/2020,NV,0.2763108275713674
27/06/2020,NV,0.3580736964007018
04/07/2020,NV,0.4245514700401208
11/07/2020,NV,0.42121356530538495
18/07/2020,NV,0.5044621103036938
25/07/2020,NV,0.5335092279256928
01/08/2020,NV,0.7057110512937038
08/08/2020,NV,0.4624409347190376
15/08/2020,NV,
22/08/2020,NV,
29/08/2020,NV,
05/09/2020,NV,
12/09/2020,NV,0.0
19/09/2020,NV,0.0
26/09/2020,NV,0.0
03/10/2020,NV,0.0
04/01/2020,NY,0.0
11/01/2020,NY,0.0
18/01/2020,NY,0.0
25/01/2020,NY,0.0
01/02/2020,NY,0.0
08/02/2020,NY,0.0
15/02/2020,NY,0.0
22/02/2020,NY,6.257841598081868
29/02/2020,NY,5.365400757211838
07/03/2020,NY,4.969538607068054
14/03/2020,NY,5.790594937936001
21/03/2020,NY,5.596460306473137
28/03/2020,NY,3.9455355769694136
04/04/2020,NY,2.924717218320514
11/04/2020,NY,1.7322852850453834
18/04/2020,NY,1.0319554638761228
25/04/2020,NY,0.8799250037237357
02/05/2020,NY,0.8292050680014451
09/05/2020,NY,0.5665205755331006
16/05/2020,NY,0.26740352125118194
23/05/2020,NY,0.36147028032710893
30/05/2020,NY,0.5677880483642027
06/06/2020,NY,0.5335691398482455
13/06/2020,NY,0.409874783439977
20/06/2020,NY,0.3827229826941237
27/06/2020,NY,0.34860137349812187
04/07/2020,NY,0.2537696525854569
11/07/2020,NY,0.4521864858601082
18/07/2020,NY,0.6242859837961448
25/07/2020,NY,0.3100929767093261
01/08/2020,NY,0.2059884518815031
08/08/2020,NY,0.3646116374995999
15/08/2020,NY,
22/08/2020,NY,
29/08/2020,NY,
05/09/2020,NY,
12/09/2020,NY,0.0
19/09/2020,NY,0.0
26/09/2020,NY,0.0
03/10/2020,NY,0.0
04/01/2020,OH,0.0
11/01/2020,OH,0.0
18/01/2020,OH,0.0
25/01/2020,OH,0.0
01/02/2020,OH,0.0
08/02/2020,OH,0.0
15/02/2020,OH,0.0
22/02/2020,OH,7.3942566860553764
29/02/2020,OH,6.229834220305557
07/03/2020,OH,6.11136807360125
14/03/2020,OH,5.556835907525047
21/03/2020,OH,5.5616707208366405
28/03/2020,OH,3.1923968881711207
04/04/2020,OH,1.5830369089418677
11/04/2020,OH,0.5365173079627238
18/04/2020,OH,0.19293111056745954
25/04/2020,OH,0.27880323583225697
02/05/2020,OH,0.3842843045112937
09/05/2020,OH,0.3115495546129217
16/05/2020,OH,0.024056596021930894
23/05/2020,OH,0.20480602872960713
30/05/2020,OH,0.3250960637707156
06/06/2020,OH,0.14962688272772556
13/06/2020,OH,0.1081505941480028
20/06/2020,OH,0.010975965379903287
27/06/2020,OH,0.060352484270011296
04/07/2020,OH,0.14793744013964516
11/07/2020,OH,0.10072570342226815
18/07/2020,OH,0.34061516031401007
25/07/2020,OH,0.4632990695538637
01/08/2020,OH,0.17859644449612855
08/08/2020,OH,0.13589304482510273
15/08/2020,OH,
22/08/2020,OH,
29/08/2020,OH,
05/09/2020,OH,
12/09/2020,OH,0.0
19/09/2020,OH,0.0
26/09/2020,OH,0.0
03/10/2020,OH,0.0
04/01/2020,OK,0.0
11/01/2020,OK,0.0
18/01/2020,OK,0.0
25/01/2020,OK,0.0
01/02/2020,OK,0.0
08/02/2020,OK,0.0
15/02/2020,OK,0.0
22/02/2020,OK,7.89851112479351
29/02/2020,OK,6.794190180880455
07/03/2020,OK,6.410315443929151
14/03/2020,OK,4.572941877213321
21/03/2020,OK,3.691083446192099
28/03/2020,OK,1.9747873535146248
04/04/2020,OK,0.9988818548341127
11/04/2020,OK,0.5186764859486767
18/04/2020,OK,0.571159965875286
25/04/2020,OK,0.39879934983711807
02/05/2020,OK,0.032808203891599566
09/05/2020,OK,0.030730612983041274
16/05/2020,OK,0.009519538876505999
23/05/2020,OK,0.07114207705384555
30/05/2020,OK,0.1954453444079761
06/06/2020,OK,0.18540929810221962
13/06/2020,OK,0.43604222737654214
20/06/2020,OK,0.16084231614112024
27/06/2020,OK,0.1306928860899118
04/07/2020,OK,0.16396142284417703
11/07/2020,OK,0.4020689804499797
18/07/2020,OK,0.1705105788196475
25/07/2020,OK,0.18868666216231642
01/08/2020,OK,0.0885155552678704
08/08/2020,OK,0.2611354258631687
15/08/2020,OK,
22/08/2020,OK,
29/08/2020,OK,
05/09/2020,OK,
12/09/2020,OK,0.0
19/09/2020,OK,0.0
26/09/2020,OK,0.0
03/10/2020,OK,0.0
04/01/2020,OR,0.0
11/01/2020,OR,0.0
18/01/2020,OR,0.0
25/01/2020,OR,0.0
01/02/2020,OR,0.0
08/02/2020,OR,0.0
15/02/2020,OR,0.0
22/02/2020,OR,5.015083360755089
29/02/2020,OR,4.456202396615493
07/03/2020,OR,4.697414634405985
14/03/2020,OR,5.075301584814309
21/03/2020,OR,4.329358683397963
28/03/2020,OR,2.741387893700134
04/04/2020,OR,1.3988598660387137
11/04/2020,OR,0.8251215683118367
18/04/2020,OR,0.6390765022929168
25/04/2020,OR,0.6775341890304214
02/05/2020,OR,0.28894346371318724
09/05/2020,OR,0.2293770445834613
16/05/2020,OR,0.07570797106103361
23/05/2020,OR,0.16555499007577207
30/05/2020,OR,0.07624856002383286
06/06/2020,OR,0.007393569513762243
13/06/2020,OR,0.10085287521784463
20/06/2020,OR,0.22593491855349496
27/06/2020,OR,0.07536659429690959
04/07/2020,OR,0.2021208275537944
11/07/2020,OR,0.2950060996315721
18/07/2020,OR,0.14290478247459823
25/07/2020,OR,0.29815258960100205
01/08/2020,OR,0.27975691393234725
08/08/2020,OR,0.45954032476099776
15/08/2020,OR,
22/08/2020,OR,
29/08/2020,OR,
05/09/2020,OR,
12/09/2020,OR,0.0
19/09/2020,OR,0.0
26/09/2020,OR,0.0
03/10/2020,OR,0.0
04/01/2020,PA,0.0
11/01/2020,PA,0.0
18/01/2020,PA,0.0
25/01/2020,PA,0.0
01/02/2020,PA,0.0
08/02/2020,PA,0.0
15/02/2020,PA,0.0
22/02/2020,PA,6.827180640823071
29/02/2020,PA,5.911358649747146
07/03/2020,PA,5.596767153849984
14/03/2020,PA,5.336500822184618
21/03/2020,PA,5.060238724099587
28/03/2020,PA,3.140757540309697
04/04/2020,PA,1.8967613426160348
11/04/2020,PA,1.0467571741145218
18/04/2020,PA,0.584022552924427
25/04/2020,PA,0.5096609639713534
02/05/2020,PA,0.5326885696002169
09/05/2020,PA,0.5503223811200455
16/05/2020,PA,0.2113769891049252
23/05/2020,PA,0.23277945036832115
30/05/2020,PA,0.39633574005976074
06/06/2020,PA,0.5138832640493235
13/06/2020,PA,0.3986622125366882
20/06/2020,PA,0.12201768852349082
27/06/2020,PA,0.2921809455616626
04/07/2020,PA,0.15017219758133585
11/07/2020,PA,0.2471561071172754
18/07/2020,PA,0.81975139743896
25/07/2020,PA,0.3804150689577011
01/08/2020,PA,0.21767656749560263
08/08/2020,PA,0.39700465189245465
15/08/2020,PA,
22/08/2020,PA,
29/08/2020,PA,
05/09/2020,PA,
12/09/2020,PA,0.0
19/09/2020,PA,0.0
26/09/2020,PA,0.0
03/10/2020,PA,0.0
04/01/2020,RI,0.0
11/01/2020,RI,0.0
18/01/2020,RI,0.0
25/01/2020,RI,0.0
01/02/2020,RI,0.0
08/02/2020,RI,0.0
15/02/2020,RI,0.0
22/02/2020,RI,7.422851386246348
29/02/2020,RI,5.25024234915144
07/03/2020,RI,4.8848729955691885
14/03/2020,RI,5.799943891779497
21/03/2020,RI,4.99167118675387
28/03/2020,RI,2.983477950280929
04/04/2020,RI,2.046480130664005
11/04/2020,RI,1.3800867869024283
18/04/2020,RI,0.632877432154679
25/04/2020,RI,0.7211885042333734
02/05/2020,RI,0.6039335918311168
09/05/2020,RI,0.4194382951583081
16/05/2020,RI,0.25701781323431616
23/05/2020,RI,0.44627605556945227
30/05/2020,RI,0.2154435922863319
06/06/2020,RI,0.5061118305868453
13/06/2020,RI,0.23952219637493471
20/06/2020,RI,0.393755242751298
27/06/2020,RI,0.3536406590268505
04/07/2020,RI,0.31762741819490614
11/07/2020,RI,0.487427757150682
18/07/2020,RI,0.6130311030226193
25/07/2020,RI,0.5117714538271552
01/08/2020,RI,0.35772670338666107
08/08/2020,RI,0.21657747690872942
15/08/2020,RI,
22/08/2020,RI,
29/08/2020,RI,
05/09/2020,RI,
12/09/2020,RI,0.0
19/09/2020,RI,0.0
26/09/2020,RI,0.0
03/10/2020,RI,0.0
04/01/2020,SC,0.0
11/01/2020,SC,0.0
18/01/2020,SC,0.0
25/01/2020,SC,0.0
01/02/2020,SC,0.0
08/02/2020,SC,0.0
15/02/2020,SC,0.0
22/02/2020,SC,6.875597302518658
29/02/2020,SC,4.271384038002863
07/03/2020,SC,4.633432844363846
14/03/2020,SC,5.356892398073323
21/03/2020,SC,5.56365564066395
28/03/2020,SC,3.3166692842602674
04/04/2020,SC,1.613553120611181
11/04/2020,SC,1.0691862980262636
18/04/2020,SC,0.58510005633346
25/04/2020,SC,0.42850775393779456
02/05/2020,SC,0.43818290823257144
09/05/2020,SC,0.2416829377956002
16/05/2020,SC,0.16383339482174278
23/05/2020,SC,0.247694852989934
30/05/2020,SC,0.5330169493257868
06/06/2020,SC,0.21898399660949322
13/06/2020,SC,0.24153445850899752
20/06/2020,SC,0.3367920800452903
27/06/2020,SC,0.19119396241711975
04/07/2020,SC,0.3896621344923534
11/07/2020,SC,0.6771328350953931
18/07/2020,SC,0.5780601131336337
25/07/2020,SC,0.5200663365027491
01/08/2020,SC,0.34880930885346473
08/08/2020,SC,0.5045294415950093
15/08/2020,SC,
22/08/2020,SC,
29/08/2020,SC,
05/09/2020,SC,
12/09/2020,SC,0.0
19/09/2020,SC,0.0
26/09/2020,SC,0.0
03/10/2020,SC,0.0
04/01/2020,SD,0.0
11/01/2020,SD,0.0
18/01/2020,SD,0.0
25/01/2020,SD,0.0
01/02/2020,SD,0.0
08/02/2020,SD,0.0
15/02/2020,SD,0.0
22/02/2020,SD,7.630707828509477
29/02/2020,SD,6.545721509359153
07/03/2020,SD,5.3114606444857815
14/03/2020,SD,4.191456400314398
21/03/2020,SD,4.337804085666865
28/03/2020,SD,2.661676956554305
04/04/2020,SD,1.1171907736350926
11/04/2020,SD,0.40899474001475383
18/04/2020,SD,0.14568780950700647
25/04/2020,SD,0.05198584505919382
02/05/2020,SD,0.046773189691407153
09/05/2020,SD,0.124454734601559
16/05/2020,SD,0.2699387299785269
23/05/2020,SD,0.44557956464662446
30/05/2020,SD,0.09689571527311305
06/06/2020,SD,0.029736146222652193
13/06/2020,SD,0.1030410151903674
20/06/2020,SD,0.009950989429109568
27/06/2020,SD,0.01029785592031892
04/07/2020,SD,0.21497441021667613
11/07/2020,SD,0.39225422874388155
18/07/2020,SD,0.30397778227516264
25/07/2020,SD,0.5464768595696308
01/08/2020,SD,0.1976268536053082
08/08/2020,SD,0.31525994083887454
15/08/2020,SD,
22/08/2020,SD,
29/08/2020,SD,
05/09/2020,SD,
12/09/2020,SD,0.0
19/09/2020,SD,0.0
26/09/2020,SD,0.0
03/10/2020,SD,0.0
04/01/2020,TN,0.0
11/01/2020,TN,0.0
18/01/2020,TN,0.0
25/01/2020,TN,0.0
01/02/2020,TN,0.0
08/02/2020,TN,0.0
15/02/2020,TN,0.0
22/02/2020,TN,5.3884342845532585
29/02/2020,TN,4.652638890326731
07/03/2020,TN,5.124426980427992
14/03/2020,TN,5.180600006944479
21/03/2020,TN,4.864673589470183
28/03/2020,TN,2.5136228486892294
04/04/2020,TN,1.3632137314391595
11/04/2020,TN,0.905881690794233
18/04/2020,TN,0.38262071584040697
25/04/2020,TN,0.40765869490846707
02/05/2020,TN,0.27267824143339403
09/05/2020,TN,0.21159270441801198
16/05/2020,TN,0.1386299182870252
23/05/2020,TN,0.17044622382864744
30/05/2020,TN,0.166421806438226
06/06/2020,TN,0.1840392335288402
13/06/2020,TN,0.09798330266522387
20/06/2020,TN,0.12503788008076253
27/06/2020,TN,0.10703481758048261
04/07/2020,TN,0.1824356322652959
11/07/2020,TN,0.5523836541399197
18/07/2020,TN,0.46219700370206585
25/07/2020,TN,0.16082535076050755
01/08/2020,TN,0.21076665527585864
08/08/2020,TN,0.2909646690539146
15/08/2020,TN,
22/08/2020,TN,
29/08/2020,TN,
05/09/2020,TN,
12/09/2020,TN,0.0
19/09/2020,TN,0.0
26/09/2020,TN,0.0
03/10/2020,TN,0.0
04/01/2020,TX,0.0
11/01/2020,TX,0.0
18/01/2020,TX,0.0
25/01/2020,TX,0.0
01/02/2020,TX,0.0
08/02/2020,TX,0.0
15/02/2020,TX,0.0
22/02/2020,TX,5.779127105999816
29/02/2020,TX,5.526033914980149
07/03/2020,TX,4.855108758384343
14/03/2020,TX,4.5325055103786225
21/03/2020,TX,4.207610376609248
28/03/2020,TX,2.7254087789279278
04/04/2020,TX,1.663491611371191
11/04/2020,TX,0.9531081707918425
18/04/2020,TX,0.7728631746358922
25/04/2020,TX,0.49368824318028076
02/05/2020,TX,0.20834215141429022
09/05/2020,TX,0.2907758500614991
16/05/2020,TX,0.2249534817237416
23/05/2020,TX,0.16140711796812843
30/05/2020,TX,0.47051202090131466
06/06/2020,TX,0.09873972536152437
13/06/2020,TX,0.19914973915849316
20/06/2020,TX,0.14799749670793994
27/06/2020,TX,0.43675959046705554
04/07/2020,TX,0.920844705506524
11/07/2020,TX,1.1572895727459782
18/07/2020,TX,0.42632240845009384
25/07/2020,TX,0.35831168183028944
01/08/2020,TX,0.1004796616093297
08/08/2020,TX,0.1429934475723889
15/08/2020,TX,
22/08/2020,TX,
29/08/2020,TX,
05/09/2020,TX,
12/09/2020,TX,0.0
19/09/2020,TX,0.0
26/09/2020,TX,0.0
03/10/2020,TX,0.0
04/01/2020,UT,0.0
11/01/2020,UT,0.0
18/01/2020,UT,0.0
25/01/2020,UT,0.0
01/02/2020,UT,0.0
08/02/2020,UT,0.0
15/02/2020,UT,0.0
22/02/2020,UT,4.985826914088602
29/02/2020,UT,4.326544886970481
07/03/2020,UT,4.4625364584151574
14/03/2020,UT,4.532940361231152
21/03/2020,UT,4.449424276266858
28/03/2020,UT,2.5974686964165214
04/04/2020,UT,1.033932455121488
11/04/2020,UT,0.6831962937967782
18/04/2020,UT,0.40265014752586226
25/04/2020,UT,0.504957013520803
02/05/2020,UT,0.0671602398254667
09/05/2020,UT,0.10566272983687494
16/05/2020,UT,0.037429659217396084
23/05/2020,UT,0.04331170113414235
30/05/2020,UT,0.023139913841618554
06/06/2020,UT,0.17345937831450273
13/06/2020,UT,0.1342818663936289
20/06/2020,UT,0.19224512289836407
27/06/2020,UT,0.2687430031656865
04/07/2020,UT,0.07989247415313841
11/07/2020,UT,0.4084625418012156
18/07/2020,UT,0.4546727114727086
25/07/2020,UT,0.45784654193973745
01/08/2020,UT,0.6881203151138845
08/08/2020,UT,0.20455886266880785
15/08/2020,UT,
22/08/2020,UT,
29/08/2020,UT,
05/09/2020,UT,
12/09/2020,UT,0.0
19/09/2020,UT,0.0
26/09/2020,UT,0.0
03/10/2020,UT,0.0
04/01/2020,VA,0.0
11/01/2020,VA,0.0
18/01/2020,VA,0.0
25/01/2020,VA,0.0
01/02/2020,VA,0.0
08/02/2020,VA,0.0
15/02/2020,VA,0.0
22/02/2020,VA,7.561103162149044
29/02/2020,VA,5.743003022382188
07/03/2020,VA,5.222185901026877
14/03/2020,VA,4.979052446436099
21/03/2020,VA,4.722940958931051
28/03/2020,VA,2.362121036528867
04/04/2020,VA,1.2651889720665725
11/04/2020,VA,0.7397889392491314
18/04/2020,VA,0.11080085696447002
25/04/2020,VA,0.3088723950024419
02/05/2020,VA,0.6015511487232174
09/05/2020,VA,0.31020939477655163
16/05/2020,VA,0.1519123548108738
23/05/2020,VA,0.30416786852143735
30/05/2020,VA,0.18978474536380646
06/06/2020,VA,0.19459673588658502
13/06/2020,VA,0.08826330592926408
20/06/2020,VA,0.02290904153620968
27/06/2020,VA,0.05536874806153091
04/07/2020,VA,0.2353952073845219
11/07/2020,VA,0.19061248112656473
18/07/2020,VA,0.34039940007789476
25/07/2020,VA,0.5340353801345754
01/08/2020,VA,0.5346936958351284
08/08/2020,VA,0.7279629713275614
15/08/2020,VA,
22/08/2020,VA,
29/08/2020,VA,
05/09/2020,VA,
12/09/2020,VA,0.0
19/09/2020,VA,0.0
26/09/2020,VA,0.0
03/10/2020,VA,0.0
04/01/2020,VT,0.0
11/01/2020,VT,0.0
18/01/2020,VT,0.0
25/01/2020,VT,0.0
01/02/2020,VT,0.0
08/02/2020,VT,0.0
15/02/2020,VT,0.0
22/02/2020,VT,8.192239494162214
29/02/2020,VT,5.36351317983737
07/03/2020,VT,4.754200606973473
14/03/2020,VT,5.8697434376941535
21/03/2020,VT,4.678321566890379
28/03/2020,VT,2.497550278694964
04/04/2020,VT,1.7389640330054132
11/04/2020,VT,1.1005452865341872
18/04/2020,VT,0.33804505360362774
25/04/2020,VT,0.37835612369874466
02/05/2020,VT,0.4489729628198687
09/05/2020,VT,0.43394164246502426
16/05/2020,VT,0.2463306151333956
23/05/2020,VT,0.3542684064718477
30/05/2020,VT,0.22812064452888947
06/06/2020,VT,0.5035955306406124
13/06/2020,VT,0.5394894669616634
20/06/2020,VT,0.6438133689698339
27/06/2020,VT,0.24320556750998776
04/07/2020,VT,0.22645207943093829
11/07/2020,VT,0.795564308858498
18/07/2020,VT,0.7299410516617003
25/07/2020,VT,0.3963047410598968
01/08/2020,VT,0.13271488991875455
08/08/2020,VT,0.3572893458619688
15/08/2020,VT,
22/08/2020,VT,
29/08/2020,VT,
05/09/2020,VT,
12/09/2020,VT,0.0
19/09/2020,VT,0.0
26/09/2020,VT,0.0
03/10/2020,VT,0.0
04/01/2020,WA,0.0
11/01/2020,WA,0.0
18/01/2020,WA,0.0
25/01/2020,WA,0.0
01/02/2020,WA,0.0
08/02/2020,WA,0.0
15/02/2020,WA,0.0
22/02/2020,WA,5.28956006513277
29/02/2020,WA,4.5700053105855485
07/03/2020,WA,4.869539702941162
14/03/2020,WA,4.911918001701708
21/03/2020,WA,4.193012331827854
28/03/2020,WA,2.709255109063858
04/04/2020,WA,1.37613947373717
11/04/2020,WA,0.854274540881028
18/04/2020,WA,0.6491035924330957
25/04/2020,WA,0.6011289855712723
02/05/2020,WA,0.2356655782939737
09/05/2020,WA,0.17019565534818537
16/05/2020,WA,0.11849557383012509
23/05/2020,WA,0.1585320859777229
30/05/2020,WA,0.04474187275954798
06/06/2020,WA,0.0
13/06/2020,WA,0.03791304608821439
20/06/2020,WA,0.27513108130303343
27/06/2020,WA,0.08096866384780313
04/07/2020,WA,0.11700512314542748
11/07/2020,WA,0.24244470069113772
18/07/2020,WA,0.16471078885580656
25/07/2020,WA,0.27912321782737326
01/08/2020,WA,0.3065749475364465
08/08/2020,WA,0.5026068174588452
15/08/2020,WA,
22/08/2020,WA,
29/08/2020,WA,
05/09/2020,WA,
12/09/2020,WA,0.0
19/09/2020,WA,0.0
26/09/2020,WA,0.0
03/10/2020,WA,0.0
04/01/2020,WI,0.0
11/01/2020,WI,0.0
18/01/2020,WI,0.0
25/01/2020,WI,0.0
01/02/2020,WI,0.0
08/02/2020,WI,0.0
15/02/2020,WI,0.0
22/02/2020,WI,9.193585353623362
29/02/2020,WI,7.269061571602927
07/03/2020,WI,5.536113287640222
14/03/2020,WI,4.956969922430417
21/03/2020,WI,4.988072580357301
28/03/2020,WI,3.2735107526814056
04/04/2020,WI,1.263492932041875
11/04/2020,WI,0.6567126507524093
18/04/2020,WI,0.5441555519326118
25/04/2020,WI,0.17625905605050146
02/05/2020,WI,0.14391871881919083
09/05/2020,WI,0.11737664878085402
16/05/2020,WI,0.4311558094980708
23/05/2020,WI,0.16380689455014005
30/05/2020,WI,0.024883900867918012
06/06/2020,WI,0.013809862809212547
13/06/2020,WI,0.11588094452778896
20/06/2020,WI,0.024634617648432194
27/06/2020,WI,0.15357041977230673
04/07/2020,WI,0.3156989580794649
11/07/2020,WI,0.163037623151549
18/07/2020,WI,0.2859265580097035
25/07/2020,WI,0.36429674461803874
01/08/2020,WI,0.3747960368743349
08/08/2020,WI,0.24403192300595578
15/08/2020,WI,
22/08/2020,WI,
29/08/2020,WI,
05/09/2020,WI,
12/09/2020,WI,0.0
19/09/2020,WI,0.0
26/09/2020,WI,0.0
03/10/2020,WI,0.0
04/01/2020,WV,0.0
11/01/2020,WV,0.0
18/01/2020,WV,0.0
25/01/2020,WV,0.0
01/02/2020,WV,0.0
08/02/2020,WV,0.0
15/02/2020,WV,0.0
22/02/2020,WV,8.979823630953037
29/02/2020,WV,7.088791545833932
07/03/2020,WV,6.277788454308911
14/03/2020,WV,5.723995010802279
21/03/2020,WV,4.733565703246586
28/03/2020,WV,2.132183899191539
04/04/2020,WV,1.0042591783767176
11/04/2020,WV,0.42642919545989955
18/04/2020,WV,0.04904137801583631
25/04/2020,WV,0.3263793345018838
02/05/2020,WV,0.5224960229842673
09/05/2020,WV,0.27317276515726635
16/05/2020,WV,0.03168036078577258
23/05/2020,WV,0.1418956643484841
30/05/2020,WV,0.28637574826011003
06/06/2020,WV,0.26580800273859834
13/06/2020,WV,0.11641819938648416
20/06/2020,WV,0.025634798276833338
27/06/2020,WV,0.0834052920977753
04/07/2020,WV,0.06752056222947016
11/07/2020,WV,0.14296968751871073
18/07/2020,WV,0.4149781488769408
25/07/2020,WV,0.22157988184887348
01/08/2020,WV,0.265027177070331
08/08/2020,WV,0.20839868051844238
15/08/2020,WV,
22/08/2020,WV,
29/08/2020,WV,
05/09/2020,WV,
12/09/2020,WV,0.0
19/09/2020,WV,0.0
26/09/2020,WV,0.0
03/10/2020,WV,0.0
04/01/2020,WY,0.0
11/01/2020,WY,0.0
18/01/2020,WY,0.0
25/01/2020,WY,0.0
01/02/2020,WY,0.0
08/02/2020,WY,0.0
15/02/2020,WY,0.0
22/02/2020,WY,5.731652113147807
29/02/2020,WY,5.184958282881798
07/03/2020,WY,4.772783816593542
14/03/2020,WY,4.226882248607398
21/03/2020,WY,4.272663740215851
28/03/2020,WY,2.850990481560255
04/04/2020,WY,1.3518705498864567
11/04/2020,WY,0.7060362132848432
18/04/2020,WY,0.29744365643301507
25/04/2020,WY,0.2897161511016358
02/05/2020,WY,0.07278695158501367
09/05/2020,WY,0.033036803258098005
16/05/2020,WY,0.06062816313619652
23/05/2020,WY,0.13302049293569226
30/05/2020,WY,0.0065487110946070085
06/06/2020,WY,0.014251262172753548
13/06/2020,WY,0.013045495614613186
20/06/2020,WY,0.12776521643375732
27/06/2020,WY,0.07441871242875923
04/07/2020,WY,0.19249400602119804
11/07/2020,WY,0.37278419639051974
18/07/2020,WY,0.32340359482728714
25/07/2020,WY,0.36068282603706403
01/08/2020,WY,0.49758553345652323
08/08/2020,WY,0.1288081566175362
15/08/2020,WY,
22/08/2020,WY,
29/08/2020,WY,
05/09/2020,WY,
12/09/2020,WY,0.0
19/09/2020,WY,0.0
26/09/2020,WY,0.0
03/10/2020,WY,0.0
